File Name,File Link,Date Created,Date Modified
"2021-001 - Condemning the Acts of Armed Violence, Domestic Terrorism, and Insurrection Document",https://publicdocs.santa-ana.org/WebLink/1/doc/125815/Page1.aspx,Date created 1/14/2021 5:23:43 PM,Date modified 4/19/2021 8:54:03 AM
2021-002 - Accepting the Donation of Tactical Medical Equipment Document,https://publicdocs.santa-ana.org/WebLink/1/doc/125884/Page1.aspx,Date created 1/21/2021 11:32:16 AM,Date modified 1/21/2021 11:33:08 AM
2021-003 - Adopting a Mitigated Negative Declaration and Mitigation Monitoring Document,https://publicdocs.santa-ana.org/WebLink/1/doc/125883/Page1.aspx,Date created 1/21/2021 11:30:20 AM,Date modified 1/21/2021 11:31:47 AM
2021-004 - Approving General Plan Amendment No. 2020-07 Document,https://publicdocs.santa-ana.org/WebLink/1/doc/125885/Page1.aspx,Date created 1/21/2021 11:33:34 AM,Date modified 9/10/2021 4:51:59 PM
2021-005 - Approving Applications for Per Capita Grant Funds Document,https://publicdocs.santa-ana.org/WebLink/1/doc/126202/Page1.aspx,Date created 2/22/2021 10:46:40 AM,Date modified 2/22/2021 10:47:18 AM
2021-006 - Authorizing the Agreement Between Police Officer Ryan Shifflett Document,https://publicdocs.santa-ana.org/WebLink/1/doc/126040/Page1.aspx,Date created 2/3/2021 4:35:23 PM,Date modified 2/3/2021 4:35:59 PM
2021-007 - Instructing the City Manager and City Attorney in Consultation Document,https://publicdocs.santa-ana.org/WebLink/1/doc/126045/Page1.aspx,Date created 2/4/2021 12:45:26 PM,Date modified 2/4/2021 12:45:44 PM
2021-008 - Approving the Application for Statewide Park Development Document,https://publicdocs.santa-ana.org/WebLink/1/doc/126350/Page1.aspx,Date created 3/3/2021 4:20:10 PM,Date modified 4/18/2022 9:13:23 AM
2021-009 - Approving the Application for Statewide Park Development Document,https://publicdocs.santa-ana.org/WebLink/1/doc/126352/Page1.aspx,Date created 3/3/2021 4:21:47 PM,Date modified 4/18/2022 9:13:35 AM
"2021-010 - Accepting the 2021 National Fitness Campaign Grant of $30,000 Document",https://publicdocs.santa-ana.org/WebLink/1/doc/126362/Page1.aspx,Date created 3/4/2021 11:05:04 AM,Date modified 4/18/2022 9:13:43 AM
2021-011 - Approving the Issuance by the California Municipal Fiance Authority of Multifamily Housing Document,https://publicdocs.santa-ana.org/WebLink/1/doc/126353/Page1.aspx,Date created 3/3/2021 4:22:40 PM,Date modified 3/3/2021 4:23:33 PM
2021-012 - Authorizing Submittal of Applications for all Calrecycle Grants Document,https://publicdocs.santa-ana.org/WebLink/1/doc/126469/Page1.aspx,Date created 3/17/2021 11:39:22 AM,Date modified 3/17/2021 11:40:36 AM
2021-013 - Authorizing the Issuance of Bonds Document,https://publicdocs.santa-ana.org/WebLink/1/doc/126468/Page1.aspx,Date created 3/17/2021 11:39:04 AM,Date modified 3/17/2021 11:40:44 AM
2021-014 - Amending and Restating the Conflict of Interst Codes Document,https://publicdocs.santa-ana.org/WebLink/1/doc/126810/Page1.aspx,Date created 4/8/2021 10:12:53 AM,Date modified 4/19/2021 8:23:04 AM
2021-015 - Amending and Restating the City's Master Salary Schedule Document,https://publicdocs.santa-ana.org/WebLink/1/doc/126951/Page1.aspx,Date created 4/19/2021 8:52:58 AM,Date modified 4/19/2021 9:03:00 AM
2021-016 - Authorizing an Application for Grant Funding Document,https://publicdocs.santa-ana.org/WebLink/1/doc/126807/Page1.aspx,Date created 4/8/2021 10:10:26 AM,Date modified 4/8/2021 10:14:00 AM
2021-017 - Accepting the Donation of a Police K-9 Animal Document,https://publicdocs.santa-ana.org/WebLink/1/doc/126805/Page1.aspx,Date created 4/8/2021 10:09:11 AM,Date modified 4/8/2021 10:14:09 AM
"2021-018 - Condemning Racism, Xenophobia, and Hate Asian Americans Document",https://publicdocs.santa-ana.org/WebLink/1/doc/126804/Page1.aspx,Date created 4/8/2021 10:07:56 AM,Date modified 4/8/2021 10:14:16 AM
2021-019 - Accepting a Grant from the Document,https://publicdocs.santa-ana.org/WebLink/1/doc/127173/Page1.aspx,Date created 5/5/2021 4:03:03 PM,Date modified 5/5/2021 4:03:45 PM
2021-020 - Authorizing the City Manager and the Chief of Police or Their Designees Document,https://publicdocs.santa-ana.org/WebLink/1/doc/127193/Page1.aspx,Date created 5/6/2021 9:28:03 AM,Date modified 5/6/2021 9:30:30 AM
2021-021 - Providing for Continuation of Partially Paid Temporary Military Leave Document,https://publicdocs.santa-ana.org/WebLink/1/doc/127216/Page1.aspx,Date created 5/6/2021 3:21:47 PM,Date modified 5/6/2021 3:25:51 PM
2021-022 - Authorizing an Application for Grant Funds for the Urban Flood Protection Grant Program Document,https://publicdocs.santa-ana.org/WebLink/1/doc/127194/Page1.aspx,Date created 5/6/2021 9:29:42 AM,Date modified 5/6/2021 9:30:16 AM
2021-023 - Supporting Assembly Bill 937 Document,https://publicdocs.santa-ana.org/WebLink/1/doc/127250/Page1.aspx,Date created 5/10/2021 11:58:39 AM,Date modified 5/10/2021 11:59:23 AM
2021-024 - Adopting A list of Projects to be Funded by SB 1 Document,https://publicdocs.santa-ana.org/WebLink/1/doc/127548/Page1.aspx,Date created 6/7/2021 4:50:41 PM,Date modified 6/7/2021 4:51:45 PM
2021-025 - Status and Update of the Circulation Element Document,https://publicdocs.santa-ana.org/WebLink/1/doc/127511/Page1.aspx,Date created 6/4/2021 10:01:41 AM,Date modified 6/4/2021 10:03:58 AM
2021-026 - Amend Resolution No. 2015-026 Document,https://publicdocs.santa-ana.org/WebLink/1/doc/127518/Page1.aspx,Date created 6/4/2021 2:24:43 PM,Date modified 6/7/2021 8:25:47 AM
2021-027 - Establishing a Uniform Schedule of Miscellaneous Fees Document,https://publicdocs.santa-ana.org/WebLink/1/doc/127512/Page1.aspx,Date created 6/4/2021 10:07:42 AM,Date modified 6/7/2021 5:12:33 PM
2021-028 - Approving the City's Statement of Investment Policy Document,https://publicdocs.santa-ana.org/WebLink/1/doc/127513/Page1.aspx,Date created 6/4/2021 10:08:38 AM,Date modified 6/4/2021 10:09:02 AM
2021-029 - Authorizing the Temporary Implementation of Covid-19 Relief Measures Document,https://publicdocs.santa-ana.org/WebLink/1/doc/127514/Page1.aspx,Date created 6/4/2021 10:09:28 AM,Date modified 6/4/2021 10:09:49 AM
2021-030 - Adopting the 2020 Urban Water Managment Plan Document,https://publicdocs.santa-ana.org/WebLink/1/doc/127515/Page1.aspx,Date created 6/4/2021 10:10:18 AM,Date modified 6/4/2021 10:10:54 AM
2021-031 - Adopting the 2020 Water Shortage Contingency Plan Document,https://publicdocs.santa-ana.org/WebLink/1/doc/127516/Page1.aspx,Date created 6/4/2021 10:11:19 AM,Date modified 6/4/2021 10:11:45 AM
2021-032 - 2015 Urban Water Management Plan Document,https://publicdocs.santa-ana.org/WebLink/1/doc/127517/Page1.aspx,Date created 6/4/2021 10:12:04 AM,Date modified 6/4/2021 10:12:32 AM
2021-033 - Amend Resolution No. 2015-026 Document,https://publicdocs.santa-ana.org/WebLink/1/doc/127536/Page1.aspx,Date created 6/7/2021 8:27:41 AM,Date modified 6/7/2021 8:30:02 AM
2021-034 - The State of California Department of Housing and Community Development Document,https://publicdocs.santa-ana.org/WebLink/1/doc/127685/Page1.aspx,Date created 6/17/2021 3:24:19 PM,Date modified 6/17/2021 3:29:48 PM
"2021-035 - Approving Revised Bylaws for the Parks, Recreation, and Community Services Document",https://publicdocs.santa-ana.org/WebLink/1/doc/127686/Page1.aspx,Date created 6/17/2021 3:24:31 PM,Date modified 7/8/2021 11:16:06 AM
2021-036 - Approving Revised Bylaws for the Youth Commission Document,https://publicdocs.santa-ana.org/WebLink/1/doc/127687/Page1.aspx,Date created 6/17/2021 3:24:42 PM,Date modified 11/18/2021 3:31:03 PM
2021-037 - Establishing the Appropriation Limit Fiscal Year 2021-2022 Document,https://publicdocs.santa-ana.org/WebLink/1/doc/127684/Page1.aspx,Date created 6/17/2021 3:24:04 PM,Date modified 6/17/2021 3:29:52 PM
2021-038 - 2020 Emergency Management Performance Grant Funds Document,https://publicdocs.santa-ana.org/WebLink/1/doc/127910/Page1.aspx,Date created 7/8/2021 11:15:52 AM,Date modified 7/8/2021 11:17:27 AM
2021-039 - Execute All Program Supplement Agreements Document,https://publicdocs.santa-ana.org/WebLink/1/doc/127911/Page1.aspx,Date created 7/8/2021 11:17:52 AM,Date modified 7/8/2021 11:18:20 AM
2021-040 - Execute a Subgrant Agreement Document,https://publicdocs.santa-ana.org/WebLink/1/doc/128128/Page1.aspx,Date created 7/26/2021 1:37:06 PM,Date modified 7/26/2021 1:38:04 PM
2021-041 - Approving the Water Supply Assessment Document,https://publicdocs.santa-ana.org/WebLink/1/doc/128127/Page1.aspx,Date created 7/26/2021 1:35:30 PM,Date modified 9/7/2021 2:02:34 PM
2021-042 - Declaring its Intention to Award A Soild Waste Franchise Agreement Document,https://publicdocs.santa-ana.org/WebLink/1/doc/128129/Page1.aspx,Date created 7/26/2021 1:38:37 PM,Date modified 7/26/2021 1:39:12 PM
2021-043 -Confirming the Costs of Securing And/Or Demolition of Varioues Structures Document,https://publicdocs.santa-ana.org/WebLink/1/doc/128130/Page1.aspx,Date created 7/26/2021 1:41:17 PM,Date modified 7/26/2021 1:41:58 PM
2021-044 - Approving the Santa Ana Public Library's Applicatoin Document,https://publicdocs.santa-ana.org/WebLink/1/doc/128388/Page1.aspx,Date created 8/18/2021 4:05:43 PM,Date modified 8/18/2021 4:06:56 PM
2021-045 - Approving the Form of a Preliminary Official Statement Document,https://publicdocs.santa-ana.org/WebLink/1/doc/128389/Page1.aspx,Date created 8/18/2021 4:07:28 PM,Date modified 8/18/2021 4:08:08 PM
2021-046 - Approving An Exclusive Agreement for the Collection and Handling of Soild Waste Document,https://publicdocs.santa-ana.org/WebLink/1/doc/129731/Page1.aspx,Date created 11/4/2021 2:59:20 PM,Date modified 11/4/2021 3:01:19 PM
2021-047 - Amending and Restating Resolution No. 2019-111 Document,https://publicdocs.santa-ana.org/WebLink/1/doc/128563/Page1.aspx,Date created 9/9/2021 4:14:09 PM,Date modified 9/13/2021 10:21:00 AM
2021-048 - Supporting the Orange County Veternans Cemetery Document,https://publicdocs.santa-ana.org/WebLink/1/doc/128559/Page1.aspx,Date created 9/9/2021 11:07:44 AM,Date modified 9/9/2021 11:08:30 AM
2021-049 - Support Orange County Water District Document,https://publicdocs.santa-ana.org/WebLink/1/doc/128576/Page1.aspx,Date created 9/10/2021 1:07:07 PM,Date modified 9/10/2021 1:08:00 PM
2021-050 - Declaring a Climate Emergency Document,https://publicdocs.santa-ana.org/WebLink/1/doc/128561/Page1.aspx,Date created 9/9/2021 3:20:03 PM,Date modified 9/9/2021 3:23:19 PM
2021-051 - Establishing the School Collaboration City Council Subcommittee Document,https://publicdocs.santa-ana.org/WebLink/1/doc/128575/Page1.aspx,Date created 9/10/2021 1:06:02 PM,Date modified 9/10/2021 1:06:48 PM
2021-052 - The Acquisition of Certain Real Property Document,https://publicdocs.santa-ana.org/WebLink/1/doc/128558/Page1.aspx,Date created 9/9/2021 11:06:35 AM,Date modified 9/9/2021 11:07:30 AM
2021-053 - Declaring its Intention to Consider Changes to Boundary Lines of Wards Document,https://publicdocs.santa-ana.org/WebLink/1/doc/129152/Page1.aspx,Date created 9/24/2021 9:18:47 AM,Date modified 9/24/2021 9:19:49 AM
2021-054 - Directing Further Study of the Additional Regulatory Framwork Document,https://publicdocs.santa-ana.org/WebLink/1/doc/129151/Page1.aspx,Date created 9/24/2021 9:17:42 AM,Date modified 9/24/2021 9:19:57 AM
2021-055 - California Authorizing Use of Remote Teleconferencing Provisions (AB 361) Document,https://publicdocs.santa-ana.org/WebLink/1/doc/129379/Page1.aspx,Date created 10/7/2021 10:21:33 AM,Date modified 10/7/2021 10:23:00 AM
2021-056 - Approving the Athletic Facility Reservation Policy Document,https://publicdocs.santa-ana.org/WebLink/1/doc/129459/Page1.aspx,Date created 10/11/2021 10:49:46 AM,Date modified 10/11/2021 10:51:12 AM
2021-057 - Amend Current Fiscal Year 2021-2022 Annual Budget Document,https://publicdocs.santa-ana.org/WebLink/1/doc/129439/Page1.aspx,Date created 10/8/2021 4:37:09 PM,Date modified 10/8/2021 4:39:00 PM
2021-058 - Amend Resolution No. 2015-026 Document,https://publicdocs.santa-ana.org/WebLink/1/doc/129440/Page1.aspx,Date created 10/8/2021 4:40:05 PM,Date modified 10/8/2021 4:41:12 PM
2021-059 - Exception to the 180-Day Wait Period Document,https://publicdocs.santa-ana.org/WebLink/1/doc/129460/Page1.aspx,Date created 10/11/2021 12:06:48 PM,Date modified 10/11/2021 12:08:34 PM
2021-060 - Amending and Restating Resolution No. 2021-053 Document,https://publicdocs.santa-ana.org/WebLink/1/doc/129578/Page1.aspx,Date created 10/22/2021 2:36:29 PM,Date modified 10/22/2021 2:43:51 PM
2021-061 - Accepting the 2021 National Fitness Campaign Grant Document,https://publicdocs.santa-ana.org/WebLink/1/doc/129579/Page1.aspx,Date created 10/22/2021 2:37:44 PM,Date modified 10/22/2021 2:43:47 PM
2021-062 - Denouncing Covid-19 Misinformation Document,https://publicdocs.santa-ana.org/WebLink/1/doc/129580/Page1.aspx,Date created 10/22/2021 2:39:10 PM,Date modified 10/22/2021 2:43:42 PM
2021-063 - Declaring Its Intention to Levy An Assessment for the Downtown Santa Ana Document,https://publicdocs.santa-ana.org/WebLink/1/doc/129725/Page1.aspx,Date created 11/4/2021 11:19:20 AM,Date modified 11/4/2021 11:21:40 AM
2021-064 - Authorizing an Application for Grant Funding Form the Bureau of Reclamation Document,https://publicdocs.santa-ana.org/WebLink/1/doc/129726/Page1.aspx,Date created 11/4/2021 11:22:00 AM,Date modified 11/4/2021 11:22:56 AM
2021-065 - Approving Revised Bylaws For the Environmental and Transportation Advisory Commission Document,https://publicdocs.santa-ana.org/WebLink/1/doc/129727/Page1.aspx,Date created 11/4/2021 11:23:16 AM,Date modified 11/4/2021 11:24:04 AM
2021-066 - California Extending the Authorization Use of Remote Teleconferencing Provisions (AB 361) Document,https://publicdocs.santa-ana.org/WebLink/1/doc/129728/Page1.aspx,Date created 11/4/2021 11:24:21 AM,Date modified 11/30/2021 6:01:01 PM
2021-067 - Approving the Submittal of Improvement Projects Document,https://publicdocs.santa-ana.org/WebLink/1/doc/129909/Page1.aspx,Date created 11/23/2021 5:16:52 PM,Date modified 11/23/2021 5:17:24 PM
2021-068 - Approving the Submittal of Improvement Projects Document,https://publicdocs.santa-ana.org/WebLink/1/doc/129911/Page1.aspx,Date created 11/23/2021 5:17:44 PM,Date modified 11/23/2021 5:18:19 PM
2021-069 - Approving A Salary Adjustment for the City Manager Based on Employee Performance Document,https://publicdocs.santa-ana.org/WebLink/1/doc/129907/Page1.aspx,Date created 11/23/2021 5:16:09 PM,Date modified 11/23/2021 5:16:34 PM
2021-070 - Amending Resolution No. 2019-111 Document,https://publicdocs.santa-ana.org/WebLink/1/doc/129913/Page1.aspx,Date created 11/23/2021 5:18:47 PM,Date modified 10/20/2022 1:06:01 PM
2021-071 - Confirming the Costs and Expenditures Incurred by the City for Weed Document,https://publicdocs.santa-ana.org/WebLink/1/doc/129905/Page1.aspx,Date created 11/23/2021 5:13:48 PM,Date modified 12/3/2021 12:19:27 PM
2021-072 - California Authorizing Use of Remote Teleconferencing Provisions (AB 361) Document,https://publicdocs.santa-ana.org/WebLink/1/doc/130178/Page1.aspx,Date created 12/8/2021 4:45:18 PM,Date modified 12/8/2021 4:46:19 PM
2021-073 - Authorizing Participation in the State Rental Assistance Program Document,https://publicdocs.santa-ana.org/WebLink/1/doc/130196/Page1.aspx,Date created 12/13/2021 12:31:47 PM,Date modified 12/13/2021 12:32:28 PM
2021-074 - Authorizing the Project List Submittal for Coronavirus Response Document,https://publicdocs.santa-ana.org/WebLink/1/doc/130197/Page1.aspx,Date created 12/13/2021 12:59:29 PM,Date modified 12/13/2021 12:59:52 PM
2021-075 - Authorizing An Application for Grant Funding From the Bureau of Reclamations Document,https://publicdocs.santa-ana.org/WebLink/1/doc/130198/Page1.aspx,Date created 12/13/2021 1:00:25 PM,Date modified 12/13/2021 1:00:52 PM
2021-076 - Concerning the Measure M2 Expenditure Report Document,https://publicdocs.santa-ana.org/WebLink/1/doc/130199/Page1.aspx,Date created 12/13/2021 1:01:26 PM,Date modified 12/13/2021 1:01:53 PM
2021-077 - Amending the City's Uniform Schedule of Miscellaneous Fees Document,https://publicdocs.santa-ana.org/WebLink/1/doc/130202/Page1.aspx,Date created 12/13/2021 1:19:55 PM,Date modified 12/13/2021 1:20:50 PM
2021-078 - Authorizing the City Manager and the Chief of Police or Their Designee (s) Document,https://publicdocs.santa-ana.org/WebLink/1/doc/130200/Page1.aspx,Date created 12/13/2021 1:02:23 PM,Date modified 12/13/2021 1:02:44 PM
2021-079 - Levying An Assessment for the Downtown Santa Ana Business Improvment Document,https://publicdocs.santa-ana.org/WebLink/1/doc/130263/Page1.aspx,Date created 12/17/2021 9:46:55 AM,Date modified 12/17/2021 9:51:17 AM
2021-080 - Designating Signatories Authorized for the Purpose of Withdrawal of Said Fund Document,https://publicdocs.santa-ana.org/WebLink/1/doc/130354/Page1.aspx,Date created 12/23/2021 2:46:23 PM,Date modified 12/23/2021 2:51:10 PM
2021-081 - Supporting Federal PFAS Legislation Document,https://publicdocs.santa-ana.org/WebLink/1/doc/130353/Page1.aspx,Date created 12/23/2021 2:46:03 PM,Date modified 12/23/2021 2:51:16 PM
2021-082 - Resources to Fund the Projects in the 2022/23-2027-28 Document,https://publicdocs.santa-ana.org/WebLink/1/doc/130352/Page1.aspx,Date created 12/23/2021 2:45:16 PM,Date modified 12/23/2021 2:51:17 PM
2021-083 - Flower Street Well Project Document,https://publicdocs.santa-ana.org/WebLink/1/doc/130351/Page1.aspx,Date created 12/23/2021 2:44:59 PM,Date modified 12/23/2021 2:51:18 PM
2021-084 - The Washington Avenue Well Project Document,https://publicdocs.santa-ana.org/WebLink/1/doc/130350/Page1.aspx,Date created 12/23/2021 2:44:37 PM,Date modified 12/23/2021 2:51:19 PM
2021-085 - The Well 29 Rehabilitation Improvement Project Document,https://publicdocs.santa-ana.org/WebLink/1/doc/130349/Page1.aspx,Date created 12/23/2021 2:44:17 PM,Date modified 12/23/2021 2:51:20 PM
2021-086 - The Well 32 Rehabilitation Improvement Project Document,https://publicdocs.santa-ana.org/WebLink/1/doc/130348/Page1.aspx,Date created 12/23/2021 2:44:02 PM,Date modified 12/23/2021 2:51:21 PM
2021-087 - The Well 38 Wellhead Treatment Plan Document,https://publicdocs.santa-ana.org/WebLink/1/doc/130347/Page1.aspx,Date created 12/23/2021 2:43:46 PM,Date modified 12/23/2021 2:51:22 PM
2021-088 - California Authorizing Use of Remote Teleconferencing Provisions (AB 361) Document,https://publicdocs.santa-ana.org/WebLink/1/doc/130346/Page1.aspx,Date created 12/23/2021 2:43:29 PM,Date modified 12/23/2021 2:51:23 PM
2021-089 - Establishing the Public Safety and Homelessness Document,https://publicdocs.santa-ana.org/WebLink/1/doc/130345/Page1.aspx,Date created 12/23/2021 2:43:04 PM,Date modified 12/23/2021 2:51:24 PM
Executive Order No. 16-2021 Document,https://publicdocs.santa-ana.org/WebLink/1/doc/126647/Page1.aspx,Date created 3/30/2021 11:28:31 AM,Date modified 3/30/2021 11:31:28 AM
Executive Order No. 17-2021 Document,https://publicdocs.santa-ana.org/WebLink/1/doc/127643/Page1.aspx,Date created 6/14/2021 4:32:09 PM,Date modified 6/14/2021 4:43:57 PM
2022-001 - Proposals for Funding for the Rousselle Street Flood Protection Project and Warner Avenue Flood Protection Project Document,https://publicdocs.santa-ana.org/WebLink/1/doc/130668/Page1.aspx,Date created 1/24/2022 3:57:19 PM,Date modified 1/24/2022 4:04:37 PM
2022-002 - Accepting the Donation of a Police K-9 from Johanna Scillieri Document,https://publicdocs.santa-ana.org/WebLink/1/doc/130666/Page1.aspx,Date created 1/24/2022 3:56:38 PM,Date modified 10/18/2022 9:33:45 PM
2022-003 - Condemning the Recent Rise of Antisemitic Violence and Harassment Targeting Jewish People Document,https://publicdocs.santa-ana.org/WebLink/1/doc/130670/Page1.aspx,Date created 1/24/2022 3:57:46 PM,Date modified 1/24/2022 4:04:44 PM
2022-004 - Authorizing the Use of Remote Teleconference Provisions (AB 361) Document,https://publicdocs.santa-ana.org/WebLink/1/doc/130669/Page1.aspx,Date created 1/24/2022 3:57:32 PM,Date modified 1/24/2022 4:04:40 PM
2022-005 - Amend the Current FY 21-22 Annual Budget Document,https://publicdocs.santa-ana.org/WebLink/1/doc/130667/Page1.aspx,Date created 1/24/2022 3:57:02 PM,Date modified 1/24/2022 4:04:34 PM
2022-006 - Events Permit Policy Document,https://publicdocs.santa-ana.org/WebLink/1/doc/130683/Page1.aspx,Date created 1/25/2022 12:12:29 PM,Date modified 10/18/2022 9:34:16 PM
2022-007 - City's Uniform Schedule and Misc. Fees for FY 21-22 Document,https://publicdocs.santa-ana.org/WebLink/1/doc/130684/Page1.aspx,Date created 1/25/2022 12:13:33 PM,Date modified 1/25/2022 12:14:08 PM
2022-008 - Execution of Program Supplements for State-Funded Transit Projects Document,https://publicdocs.santa-ana.org/WebLink/1/doc/130939/Page1.aspx,Date created 2/7/2022 3:01:50 PM,Date modified 2/7/2022 3:33:46 PM
"2022-009 - Deed of Release for the Portion of Centennial Park called ""Exchange Property"" Document",https://publicdocs.santa-ana.org/WebLink/1/doc/130940/Page1.aspx,Date created 2/7/2022 3:02:49 PM,Date modified 2/7/2022 3:33:58 PM
2022-010 - Declaration of Restrictions on Pacific Electric Park Site Document,https://publicdocs.santa-ana.org/WebLink/1/doc/130941/Page1.aspx,Date created 2/7/2022 3:03:15 PM,Date modified 2/7/2022 3:34:05 PM
2022-011 - Declaration of Resitrictions for 6th and Lacy Park Site Document,https://publicdocs.santa-ana.org/WebLink/1/doc/130942/Page1.aspx,Date created 2/7/2022 3:03:31 PM,Date modified 2/7/2022 3:34:11 PM
2022-012 - Declaration of Restrictions for Raitt and Myrtle Park Site Document,https://publicdocs.santa-ana.org/WebLink/1/doc/130943/Page1.aspx,Date created 2/7/2022 3:03:46 PM,Date modified 2/7/2022 3:34:20 PM
2022-013 - Acquisition of Property Located at 2702 N. Bristol Street for the Bristol Street and Memory Land Instersection Improvements Project Document,https://publicdocs.santa-ana.org/WebLink/1/doc/130944/Page1.aspx,Date created 2/7/2022 3:06:46 PM,Date modified 2/7/2022 3:34:37 PM
2022-014 - Washington Ave Well Project Document,https://publicdocs.santa-ana.org/WebLink/1/doc/130945/Page1.aspx,Date created 2/7/2022 3:07:08 PM,Date modified 2/7/2022 3:35:08 PM
2022-015 - Remote Teleconferencing Provisions Document,https://publicdocs.santa-ana.org/WebLink/1/doc/131250/Page1.aspx,Date created 2/17/2022 9:55:35 AM,Date modified 2/17/2022 9:56:58 AM
2022-016 - Supporting Assembly Bill Document,https://publicdocs.santa-ana.org/WebLink/1/doc/131366/Page1.aspx,Date created 3/3/2022 4:21:49 PM,Date modified 3/3/2022 4:22:15 PM
2022-017 - Calrecycle For Approval Pursuant Document,https://publicdocs.santa-ana.org/WebLink/1/doc/131365/Page1.aspx,Date created 3/3/2022 4:20:37 PM,Date modified 3/3/2022 4:21:28 PM
2022-018 - Fiscal Year 2021-2022 Document,https://publicdocs.santa-ana.org/WebLink/1/doc/131421/Page1.aspx,Date created 3/9/2022 9:15:57 AM,Date modified 3/9/2022 9:17:07 AM
2022-019 - City's Basic Classification and Compensation Plan Document,https://publicdocs.santa-ana.org/WebLink/1/doc/131422/Page1.aspx,Date created 3/9/2022 9:16:24 AM,Date modified 3/9/2022 9:17:09 AM
2022-020 - Grant Funds From the State of California Budget Act of 2021 Document,https://publicdocs.santa-ana.org/WebLink/1/doc/131637/Page1.aspx,Date created 3/17/2022 12:15:33 PM,Date modified 3/17/2022 12:23:36 PM
2022-021 - Remote Teleconferencing Provisions (AB 361) Document,https://publicdocs.santa-ana.org/WebLink/1/doc/131654/Page1.aspx,Date created 3/21/2022 11:09:02 AM,Date modified 3/21/2022 11:10:30 AM
2022-022 - Wards of the City of Santa Ana Document,https://publicdocs.santa-ana.org/WebLink/1/doc/131837/Page1.aspx,Date created 4/6/2022 1:21:31 PM,Date modified 4/6/2022 1:22:05 PM
2022-023 - The Partnership Policy Document,https://publicdocs.santa-ana.org/WebLink/1/doc/131919/Page1.aspx,Date created 4/13/2022 11:42:47 AM,Date modified 4/13/2022 11:43:25 AM
2022-024 - City's Sponsorship Policy Document,https://publicdocs.santa-ana.org/WebLink/1/doc/131920/Page1.aspx,Date created 4/13/2022 11:44:00 AM,Date modified 4/13/2022 11:44:34 AM
2022-025 - Disability and Industrial Disability Retirments for Miscellaneous Document,https://publicdocs.santa-ana.org/WebLink/1/doc/131836/Page1.aspx,Date created 4/6/2022 1:20:45 PM,Date modified 4/6/2022 1:22:42 PM
2022-026 - Remote Teleconferencing Provisions (AB 361) Document,https://publicdocs.santa-ana.org/WebLink/1/doc/131879/Page1.aspx,Date created 4/8/2022 2:31:18 PM,Date modified 10/18/2022 9:36:59 PM
2022-027 - Fairview Bridge Replacement and Street Improvements Document,https://publicdocs.santa-ana.org/WebLink/1/doc/131878/Page1.aspx,Date created 4/8/2022 2:30:58 PM,Date modified 4/14/2022 8:19:42 AM
2022-028 - Joint School Collaboration Document,https://publicdocs.santa-ana.org/WebLink/1/doc/132073/Page1.aspx,Date created 4/20/2022 4:28:43 PM,Date modified 4/20/2022 4:29:21 PM
2022-029 - Certifying the Final Recirculated Program Document,https://publicdocs.santa-ana.org/WebLink/1/doc/132195/Page1.aspx,Date created 4/27/2022 11:23:26 AM,Date modified 4/27/2022 11:23:50 AM
2022-030 - Comprehensive Update to the Santa Ana General Plan Document,https://publicdocs.santa-ana.org/WebLink/1/doc/132193/Page1.aspx,Date created 4/27/2022 11:18:13 AM,Date modified 4/27/2022 11:18:37 AM
2022-031 - The Orange County Airport Land Use Document,https://publicdocs.santa-ana.org/WebLink/1/doc/132192/Page1.aspx,Date created 4/27/2022 11:15:24 AM,Date modified 4/27/2022 11:17:52 AM
2022-032 - Santa Ana Zoo and Park Projects Document,https://publicdocs.santa-ana.org/WebLink/1/doc/132513/Page1.aspx,Date created 5/5/2022 12:02:26 PM,Date modified 5/9/2022 3:38:59 PM
2022-033 - California Authorizing the Use of Remote Teleconferncing Provisions Document,https://publicdocs.santa-ana.org/WebLink/1/doc/132514/Page1.aspx,Date created 5/5/2022 12:03:41 PM,Date modified 5/9/2022 10:43:14 AM
2022-034 - Bill Ending Child Marriage in California Document,https://publicdocs.santa-ana.org/WebLink/1/doc/132515/Page1.aspx,Date created 5/5/2022 12:04:36 PM,Date modified 5/5/2022 12:05:22 PM
2022-035 - King Street Urban Greening Project Document,https://publicdocs.santa-ana.org/WebLink/1/doc/132852/Page1.aspx,Date created 5/20/2022 3:29:56 PM,Date modified 5/20/2022 3:30:42 PM
2022-036 - Santa Ana River Watershed Weather Modification Pilot Program Document,https://publicdocs.santa-ana.org/WebLink/1/doc/132853/Page1.aspx,Date created 5/20/2022 3:32:10 PM,Date modified 5/20/2022 3:34:19 PM
2022-037 - California Authorizing the Use of Remote Teleconferncing Provisions Document,https://publicdocs.santa-ana.org/WebLink/1/doc/132855/Page1.aspx,Date created 5/20/2022 3:35:47 PM,Date modified 5/20/2022 3:36:45 PM
"2022-038 - Parks, Facilities, Trails, and Open Space Master Plan Document",https://publicdocs.santa-ana.org/WebLink/1/doc/133007/Page1.aspx,Date created 6/9/2022 5:08:13 PM,Date modified 6/13/2022 8:42:54 AM
2022-039 - Rectification of Past Policies and Misdeeds Document,https://publicdocs.santa-ana.org/WebLink/1/doc/132882/Page1.aspx,Date created 5/24/2022 3:17:59 PM,Date modified 5/24/2022 3:18:57 PM
2022-040 - Rental Project for Westview House Document,https://publicdocs.santa-ana.org/WebLink/1/doc/132850/Page1.aspx,Date created 5/20/2022 3:08:37 PM,Date modified 5/20/2022 3:09:18 PM
2022-041 - Demolition Soild Waste Collection Document,https://publicdocs.santa-ana.org/WebLink/1/doc/132854/Page1.aspx,Date created 5/20/2022 3:34:55 PM,Date modified 5/20/2022 3:35:32 PM
2022-042 - Water Conservation Actions for a Level 2 Water Supply Shortage Document,https://publicdocs.santa-ana.org/WebLink/1/doc/133107/Page1.aspx,Date created 6/14/2022 5:22:08 PM,Date modified 6/14/2022 5:23:45 PM
2022-043 - California Authorizing the Use of Remote Teleconferncing Provisions Document,https://publicdocs.santa-ana.org/WebLink/1/doc/133104/Page1.aspx,Date created 6/14/2022 5:19:12 PM,Date modified 6/14/2022 5:19:51 PM
2022-044 - City's General Munipal Election Document,https://publicdocs.santa-ana.org/WebLink/1/doc/133105/Page1.aspx,Date created 6/14/2022 5:20:09 PM,Date modified 6/14/2022 5:20:43 PM
2022-045 - Pay the Pro Rata Share of the Cost of Inclusion Document,https://publicdocs.santa-ana.org/WebLink/1/doc/133106/Page1.aspx,Date created 6/14/2022 5:21:05 PM,Date modified 6/14/2022 5:21:41 PM
2022-046 - Uniform Schedule of Miscellaneous Fees for Fiscal Year 2022-2023 Document,https://publicdocs.santa-ana.org/WebLink/1/doc/133087/Page1.aspx,Date created 6/14/2022 2:54:10 PM,Date modified 6/14/2022 2:59:03 PM
2022-047 - City's Basic Classification and Compensation Plan Document,https://publicdocs.santa-ana.org/WebLink/1/doc/133170/Page1.aspx,Date created 6/20/2022 2:22:01 PM,Date modified 6/20/2022 2:23:17 PM
2022-048 - City's Basic Classification and Compensation Plan Document,https://publicdocs.santa-ana.org/WebLink/1/doc/133171/Page1.aspx,Date created 6/20/2022 2:23:28 PM,Date modified 6/20/2022 2:24:18 PM
2022-049 - Santa Ana Board of Trustees Instructing the Fire Department of Santa Ana Document,https://publicdocs.santa-ana.org/WebLink/1/doc/133267/Page1.aspx,Date created 6/27/2022 12:14:18 PM,Date modified 6/27/2022 12:14:58 PM
2022-050 - California Authorizing the Use of Remote Teleconferncing Provisions Document,https://publicdocs.santa-ana.org/WebLink/1/doc/133268/Page1.aspx,Date created 6/27/2022 12:15:18 PM,Date modified 6/27/2022 12:16:01 PM
2022-051 - Pavement Management Plan for the Measure M2 Program Document,https://publicdocs.santa-ana.org/WebLink/1/doc/133269/Page1.aspx,Date created 6/27/2022 12:16:24 PM,Date modified 6/27/2022 12:17:10 PM
2022-052 - Examination of Sales and Transactions and use of Tax Records Document,https://publicdocs.santa-ana.org/WebLink/1/doc/133270/Page1.aspx,Date created 6/27/2022 12:17:50 PM,Date modified 6/27/2022 12:19:03 PM
2022-053 - City's Statement of Investment Policy Document,https://publicdocs.santa-ana.org/WebLink/1/doc/133271/Page1.aspx,Date created 6/27/2022 12:19:43 PM,Date modified 6/27/2022 12:20:26 PM
2022-054 - Appropriation Limit of Santa Ana for Fiscal Year 2022-2023 Document,https://publicdocs.santa-ana.org/WebLink/1/doc/133272/Page1.aspx,Date created 6/27/2022 12:20:41 PM,Date modified 6/27/2022 12:21:25 PM
2022-055 - The Road Repair and Accountability Act Document,https://publicdocs.santa-ana.org/WebLink/1/doc/133273/Page1.aspx,Date created 6/27/2022 12:21:59 PM,Date modified 6/27/2022 12:23:45 PM
2022-056 - Restructure Non-Cannabis Bussiness License Tax Rates Document,https://publicdocs.santa-ana.org/WebLink/1/doc/133275/Page1.aspx,Date created 6/27/2022 12:24:09 PM,Date modified 12/1/2022 12:04:44 PM
2022-057 - Off-Premises Commercial Signs Ordinace Update Project Document,https://publicdocs.santa-ana.org/WebLink/1/doc/133276/Page1.aspx,Date created 6/27/2022 12:26:58 PM,Date modified 6/27/2022 12:27:24 PM
2022-058 - Summarily Vacating Excess Right-Of-Way at 1247 West Santa Ana Blvd Document,https://publicdocs.santa-ana.org/WebLink/1/doc/133658/Page1.aspx,Date created 7/27/2022 8:18:15 AM,Date modified 7/27/2022 8:54:35 AM
2022-059 - Police Officer Hiring Bonus Program Document,https://publicdocs.santa-ana.org/WebLink/1/doc/133655/Page1.aspx,Date created 7/26/2022 5:20:09 PM,Date modified 7/26/2022 5:20:40 PM
2022-060 - Exchange of Business License Tax Data Document,https://publicdocs.santa-ana.org/WebLink/1/doc/133654/Page1.aspx,Date created 7/26/2022 5:19:04 PM,Date modified 7/26/2022 5:19:37 PM
2022-061 - Intention to Vacate a Portion of Alley North of Second Street Document,https://publicdocs.santa-ana.org/WebLink/1/doc/133657/Page1.aspx,Date created 7/26/2022 5:22:17 PM,Date modified 7/27/2022 3:28:12 PM
2022-062 - One-Year Extension of Site Plan Review No. 2020-04 Document,https://publicdocs.santa-ana.org/WebLink/1/doc/133656/Page1.aspx,Date created 7/26/2022 5:21:17 PM,Date modified 7/26/2022 5:21:51 PM
2022-063 - California Authorizing the Use of Remote Teleconferncing Provisions Document,https://publicdocs.santa-ana.org/WebLink/1/doc/133653/Page1.aspx,Date created 7/26/2022 5:18:07 PM,Date modified 7/26/2022 5:18:45 PM
2022-064 - 6th Cycle Housing Element Document,https://publicdocs.santa-ana.org/WebLink/1/doc/133647/Page1.aspx,Date created 7/26/2022 2:19:52 PM,Date modified 7/26/2022 2:23:25 PM
2022-065 - The Surplus Land Act Document,https://publicdocs.santa-ana.org/WebLink/1/doc/133776/Page1.aspx,Date created 8/4/2022 2:48:22 PM,Date modified 8/4/2022 2:49:55 PM
2022-066 - Amend the Current FIscal Year 2021-2022 Annual Budget Document,https://publicdocs.santa-ana.org/WebLink/1/doc/133777/Page1.aspx,Date created 8/4/2022 2:50:46 PM,Date modified 8/4/2022 2:51:49 PM
2022-067 - General Municipal Election Document,https://publicdocs.santa-ana.org/WebLink/1/doc/133778/Page1.aspx,Date created 8/4/2022 2:52:02 PM,Date modified 8/4/2022 2:53:10 PM
2022-068 - Obtain 2021 Emergency Management Performace Grant Funds Document,https://publicdocs.santa-ana.org/WebLink/1/doc/133924/Page1.aspx,Date created 8/18/2022 4:21:53 PM,Date modified 8/18/2022 4:24:07 PM
2022-069 - Approving Density Bonus Agreement Document,https://publicdocs.santa-ana.org/WebLink/1/doc/133925/Page1.aspx,Date created 8/18/2022 4:24:27 PM,Date modified 8/18/2022 4:25:17 PM
2022-070 - California Authorizing the Use of Remote Teleconferncing Provisions Document,https://publicdocs.santa-ana.org/WebLink/1/doc/133926/Page1.aspx,Date created 8/18/2022 4:25:31 PM,Date modified 8/18/2022 4:26:23 PM
2022-071 - Support of a Commemorative U.S. Postage Stamp Document,https://publicdocs.santa-ana.org/WebLink/1/doc/133927/Page1.aspx,Date created 8/18/2022 4:26:32 PM,Date modified 8/18/2022 4:26:52 PM
2022-072 - Vacating a Portion of Alley North of Second Street Between North Broadway and Sycamore Street Document,https://publicdocs.santa-ana.org/WebLink/1/doc/133928/Page1.aspx,Date created 8/18/2022 4:27:47 PM,Date modified 6/30/2025 4:25:22 PM
2022-073 - California Authorizing the Use of Remote Teleconferncing Provisions Document,https://publicdocs.santa-ana.org/WebLink/1/doc/134086/Page1.aspx,Date created 9/8/2022 4:44:48 PM,Date modified 9/8/2022 4:45:24 PM
2022-074 - Sale Agreement for the Acquisition of Property From the Successor Agency Document,https://publicdocs.santa-ana.org/WebLink/1/doc/134087/Page1.aspx,Date created 9/8/2022 4:45:45 PM,Date modified 9/8/2022 4:46:21 PM
2022-075 Conflict of Interest Code Document,https://publicdocs.santa-ana.org/WebLink/1/doc/134205/Page1.aspx,Date created 9/27/2022 9:19:32 AM,Date modified 9/27/2022 9:20:27 AM
2022-076 - City-Owned Property as Exempt Surplus Land Pursuant Document,https://publicdocs.santa-ana.org/WebLink/1/doc/134336/Page1.aspx,Date created 10/6/2022 3:26:23 PM,Date modified 6/6/2023 11:55:37 AM
2022-077 - California Authorizing the Use of Remote Teleconferncing Provisions Document,https://publicdocs.santa-ana.org/WebLink/1/doc/134337/Page1.aspx,Date created 10/6/2022 3:27:28 PM,Date modified 10/18/2022 9:30:29 PM
2022-078 - Adding Commercial Cannabis Business Activity Tax Rate Document,https://publicdocs.santa-ana.org/WebLink/1/doc/134338/Page1.aspx,Date created 10/6/2022 3:28:16 PM,Date modified 10/6/2022 3:28:52 PM
2022-079 - Reducing the Tax on Medicinal Retail Marijuana by One Percent Document,https://publicdocs.santa-ana.org/WebLink/1/doc/134339/Page1.aspx,Date created 10/6/2022 3:29:11 PM,Date modified 10/18/2022 9:30:59 PM
"2022-080 - The Community Benefit, Sustainable Business Practices, and Social Equity Plan Document",https://publicdocs.santa-ana.org/WebLink/1/doc/134340/Page1.aspx,Date created 10/6/2022 3:30:01 PM,Date modified 9/28/2023 10:35:45 AM
"2022-081 - Establishment of an Educational, Cultural, and Business Affiliation Document",https://publicdocs.santa-ana.org/WebLink/1/doc/134341/Page1.aspx,Date created 10/6/2022 3:30:52 PM,Date modified 10/6/2022 3:31:32 PM
2022-082 - Approving a Salary on Employee Performance Document,https://publicdocs.santa-ana.org/WebLink/1/doc/134596/Page1.aspx,Date created 11/3/2022 3:47:00 PM,Date modified 11/3/2022 3:48:03 PM
2022-083 - Approving the City's Master Salary Schedule in Conformance Document,https://publicdocs.santa-ana.org/WebLink/1/doc/134597/Page1.aspx,Date created 11/3/2022 3:48:46 PM,Date modified 11/3/2022 3:50:20 PM
2022-084 - Request for Escalation Adjustment by the Orange County Transportation Authority Document,https://publicdocs.santa-ana.org/WebLink/1/doc/134595/Page1.aspx,Date created 11/3/2022 3:40:48 PM,Date modified 11/3/2022 3:41:14 PM
2022-085 - Request for Escalation Ajustment by the Orange Countu Transportation Document,https://publicdocs.santa-ana.org/WebLink/1/doc/134594/Page1.aspx,Date created 11/3/2022 3:39:49 PM,Date modified 11/3/2022 3:40:25 PM
2022-086 - Cold Weather Shelter Outside of Santa Ana Document,https://publicdocs.santa-ana.org/WebLink/1/doc/134593/Page1.aspx,Date created 11/3/2022 3:38:53 PM,Date modified 11/3/2022 3:39:26 PM
2022-087 - California Authorizing the Use of Remote Teleconferncing Provisions Document,https://publicdocs.santa-ana.org/WebLink/1/doc/134592/Page1.aspx,Date created 11/3/2022 3:37:42 PM,Date modified 11/3/2022 3:38:35 PM
2022-088 - Amend Current Fiscal Year 2022-2023 Annual Budget to Add Full-Time Positions in Library Department Document,https://publicdocs.santa-ana.org/WebLink/1/doc/134831/Page1.aspx,Date created 11/18/2022 9:27:19 AM,Date modified 11/18/2022 9:29:36 AM
2022-089 - Approving a Construction Installment Sale Agreement Document,https://publicdocs.santa-ana.org/WebLink/1/doc/134832/Page1.aspx,Date created 11/18/2022 9:28:30 AM,Date modified 11/18/2022 9:29:43 AM
2022-090 - California Authorizing the Use of Remote Teleconferncing Provisions Document,https://publicdocs.santa-ana.org/WebLink/1/doc/134830/Page1.aspx,Date created 11/18/2022 9:26:09 AM,Date modified 11/18/2022 9:29:48 AM
2022-091 - Approving Density Bonus Agreement No. 2022-23 Document,https://publicdocs.santa-ana.org/WebLink/1/doc/135019/Page1.aspx,Date created 12/8/2022 5:04:12 PM,Date modified 12/8/2022 5:04:51 PM
2022-092 - Approving a One Year Extension of Variance No. 2017-05 Document,https://publicdocs.santa-ana.org/WebLink/1/doc/135020/Page1.aspx,Date created 12/8/2022 5:05:06 PM,Date modified 12/8/2022 5:05:34 PM
2022-093 - Approving a One-Year Extension of Site Plan Review 2020-23 Document,https://publicdocs.santa-ana.org/WebLink/1/doc/135021/Page1.aspx,Date created 12/8/2022 5:05:52 PM,Date modified 12/8/2022 5:06:18 PM
2022-094 - California Authorizing the Use of Remote Teleconferncing Provisions Document,https://publicdocs.santa-ana.org/WebLink/1/doc/135022/Page1.aspx,Date created 12/8/2022 5:07:17 PM,Date modified 12/8/2022 5:07:57 PM
2022-095 - Authorizing a Ceremonial Street Name of Helen M. Shipp Document,https://publicdocs.santa-ana.org/WebLink/1/doc/135023/Page1.aspx,Date created 12/8/2022 5:08:17 PM,Date modified 12/8/2022 5:08:55 PM
"2022-096 - Declaring the Results of the General Municpal Election Nov. 8, 2022 Document",https://publicdocs.santa-ana.org/WebLink/1/doc/135041/Page1.aspx,Date created 12/19/2022 1:00:42 PM,Date modified 12/28/2022 3:15:44 PM
2022-097 - Changes to the California Building Code Document,https://publicdocs.santa-ana.org/WebLink/1/doc/135174/Page1.aspx,Date created 1/3/2023 2:49:37 PM,Date modified 1/3/2023 2:50:31 PM
2022-098 - Adopting the One Water One Watershed Plan Update 2018 Document,https://publicdocs.santa-ana.org/WebLink/1/doc/135141/Page1.aspx,Date created 12/28/2022 2:50:47 PM,Date modified 12/28/2022 3:15:08 PM
2022-099 - The Measure M2 Expenditure Report for the City of Santa Ana Document,https://publicdocs.santa-ana.org/WebLink/1/doc/135143/Page1.aspx,Date created 12/28/2022 2:55:40 PM,Date modified 12/28/2022 3:15:05 PM
2022-100 - Approving the Submittal of Improvement Projects to the Orange County Transportation Document,https://publicdocs.santa-ana.org/WebLink/1/doc/135144/Page1.aspx,Date created 12/28/2022 2:59:35 PM,Date modified 12/28/2022 3:15:01 PM
2022-101 - Intention to Vacate a Portion of Alley North of Edendale Court Document,https://publicdocs.santa-ana.org/WebLink/1/doc/135152/Page1.aspx,Date created 12/28/2022 3:08:46 PM,Date modified 12/28/2022 3:14:57 PM
2022-102 - Intention to Disestablish the Downtown Santa Ana Business Improvement District Document,https://publicdocs.santa-ana.org/WebLink/1/doc/135145/Page1.aspx,Date created 12/28/2022 3:00:41 PM,Date modified 12/28/2022 3:14:52 PM
2022-103 - California Authorizing the Use of Remote Teleconferncing Provisions Document,https://publicdocs.santa-ana.org/WebLink/1/doc/135146/Page1.aspx,Date created 12/28/2022 3:02:15 PM,Date modified 12/28/2022 3:14:47 PM
2022-104 - Reducing the Fee for Home Occupation Permits Document,https://publicdocs.santa-ana.org/WebLink/1/doc/135147/Page1.aspx,Date created 12/28/2022 3:04:28 PM,Date modified 12/28/2022 3:14:44 PM
2022-105 - Amend Resolution No. 2015-026 Document,https://publicdocs.santa-ana.org/WebLink/1/doc/135199/Page1.aspx,Date created 1/5/2023 4:10:18 PM,Date modified 1/5/2023 4:12:13 PM
2022-106 - Designating and Appointing its Representative to the Orange County Fire Authority's Board of Directors' Document,https://publicdocs.santa-ana.org/WebLink/1/doc/135148/Page1.aspx,Date created 12/28/2022 3:06:17 PM,Date modified 12/28/2022 3:14:39 PM
2022-107 - Denying Appeal Application Nos. 2022-01 and 2022-02 Document,https://publicdocs.santa-ana.org/WebLink/1/doc/135149/Page1.aspx,Date created 12/28/2022 3:07:10 PM,Date modified 6/9/2025 10:48:24 AM
2022-108 - Approving the Issuance by the California Municipal Finance Document,https://publicdocs.santa-ana.org/WebLink/1/doc/135150/Page1.aspx,Date created 12/28/2022 3:07:45 PM,Date modified 12/28/2022 3:14:30 PM
2022-109 - Approving the Issuance by the California  Municipal Finance Document,https://publicdocs.santa-ana.org/WebLink/1/doc/135151/Page1.aspx,Date created 12/28/2022 3:08:19 PM,Date modified 12/28/2022 3:14:26 PM
Executive Order No. 18-2022 Document,https://publicdocs.santa-ana.org/WebLink/1/doc/133551/Page1.aspx,Date created 7/14/2022 5:13:58 PM,Date modified 7/14/2022 5:23:59 PM
2023-001 - 2022 Hazard Mitigation Plan Document,https://publicdocs.santa-ana.org/WebLink/1/doc/135363/Page1.aspx,Date created 1/24/2023 10:43:40 AM,Date modified 1/24/2023 10:58:34 AM
2023-002 - Accepting Grant Urban Greening Program Document,https://publicdocs.santa-ana.org/WebLink/1/doc/135364/Page1.aspx,Date created 1/24/2023 10:45:21 AM,Date modified 1/24/2023 10:58:35 AM
2023-003 - Authorizing the Use of Remote Teleconferencing (AB 361) Document,https://publicdocs.santa-ana.org/WebLink/1/doc/135369/Page1.aspx,Date created 1/24/2023 10:57:47 AM,Date modified 1/24/2023 10:58:36 AM
"2023-004 - Public Interest, Convenience, & Necessity - 2245 S. Halladay St. Document",https://publicdocs.santa-ana.org/WebLink/1/doc/135365/Page1.aspx,Date created 1/24/2023 10:46:35 AM,Date modified 1/24/2023 10:58:39 AM
2023-005 - Vacating 1222 and 1226 S Birch St Document,https://publicdocs.santa-ana.org/WebLink/1/doc/135367/Page1.aspx,Date created 1/24/2023 10:55:41 AM,Date modified 1/24/2023 10:58:40 AM
2023-006 - Automated Meter Infrastructure Project Document,https://publicdocs.santa-ana.org/WebLink/1/doc/135562/Page1.aspx,Date created 2/14/2023 10:00:13 AM,Date modified 2/14/2023 10:01:31 AM
2023-007 - Authorizing the Use of Remote Teleconferencing (AB 361) Document,https://publicdocs.santa-ana.org/WebLink/1/doc/135561/Page1.aspx,Date created 2/14/2023 9:59:13 AM,Date modified 2/14/2023 4:08:34 PM
2023-008 - Remote Teleconferencing Provisions Document,https://publicdocs.santa-ana.org/WebLink/1/doc/135731/Page1.aspx,Date created 3/2/2023 3:03:56 PM,Date modified 3/2/2023 3:08:37 PM
2023-009 - Reimbursement Policy for Actual & Necessary Expenses Document,https://publicdocs.santa-ana.org/WebLink/1/doc/135819/Page1.aspx,Date created 3/9/2023 5:08:11 PM,Date modified 3/9/2023 5:10:02 PM
2023-010 - Accepting Donation of Repair & Resurfacing of Basketball Court at Portola Park Document,https://publicdocs.santa-ana.org/WebLink/1/doc/135818/Page1.aspx,Date created 3/9/2023 3:37:05 PM,Date modified 3/9/2023 3:37:57 PM
2023-011 - Well 38 Wellhead Treatment Project & West Station Well Project Document,https://publicdocs.santa-ana.org/WebLink/1/doc/135817/Page1.aspx,Date created 3/9/2023 3:36:22 PM,Date modified 3/9/2023 3:39:17 PM
2023-012 - Sidewalk Regulations Document,https://publicdocs.santa-ana.org/WebLink/1/doc/135816/Page1.aspx,Date created 3/9/2023 3:36:06 PM,Date modified 3/9/2023 3:39:14 PM
2023-013 - Classification and Compensation Plan Document,https://publicdocs.santa-ana.org/WebLink/1/doc/135995/Page1.aspx,Date created 3/29/2023 5:34:49 PM,Date modified 3/29/2023 5:36:03 PM
2023-014 - Amend the Current FY 22/23 Annual Budget Document,https://publicdocs.santa-ana.org/WebLink/1/doc/135996/Page1.aspx,Date created 3/29/2023 5:37:55 PM,Date modified 3/29/2023 5:39:18 PM
2023-015 - Sewer Island Project Document,https://publicdocs.santa-ana.org/WebLink/1/doc/136068/Page1.aspx,Date created 4/6/2023 3:06:06 PM,Date modified 4/6/2023 3:08:47 PM
2023-016 - Grant of Funds from the State Coastal Conservancy for the Santiago Park Trail & Habitat Restoration Park Document,https://publicdocs.santa-ana.org/WebLink/1/doc/136069/Page1.aspx,Date created 4/6/2023 3:11:05 PM,Date modified 4/6/2023 3:11:40 PM
2023-017 - Relocation Plan for the Development of a New Water Well Site (206 & 208 South Flower Street) Document,https://publicdocs.santa-ana.org/WebLink/1/doc/136070/Page1.aspx,Date created 4/6/2023 3:13:32 PM,Date modified 4/6/2023 3:14:06 PM
2023-018 - Receipt of Funds from the CA Energy Commission for the CA Automated Permit Processing Program Document,https://publicdocs.santa-ana.org/WebLink/1/doc/136251/Page1.aspx,Date created 4/26/2023 3:44:45 PM,Date modified 4/26/2023 3:49:56 PM
2023-019 - Declaring the Termination of the Proclamation of a Local Emergency regarding COVID-19 Document,https://publicdocs.santa-ana.org/WebLink/1/doc/136250/Page1.aspx,Date created 4/26/2023 3:42:38 PM,Date modified 4/26/2023 3:49:51 PM
2023-020 - Opposing the CA Assembly Bill 742 (Jackson) Document,https://publicdocs.santa-ana.org/WebLink/1/doc/136252/Page1.aspx,Date created 4/26/2023 3:45:52 PM,Date modified 4/26/2023 3:50:00 PM
2023-021 - Agreement with the State of CA Governor's Office of Emergency Services Document,https://publicdocs.santa-ana.org/WebLink/1/doc/136328/Page1.aspx,Date created 5/5/2023 1:51:01 PM,Date modified 5/5/2023 1:51:46 PM
"2023-022 - Accepting the Donation of Science, Technology, Engineering, Mathematics from UCI Document",https://publicdocs.santa-ana.org/WebLink/1/doc/136327/Page1.aspx,Date created 5/5/2023 1:50:13 PM,Date modified 5/5/2023 1:50:46 PM
2023-023 - Approving Application for Specified Grant Funds from Budget Act 222/23 Document,https://publicdocs.santa-ana.org/WebLink/1/doc/136326/Page1.aspx,Date created 5/5/2023 1:49:18 PM,Date modified 5/5/2023 1:49:55 PM
2023-024 - Approving the Water Supply Assessment for the Proposed Cabrillo Town Center Project Document,https://publicdocs.santa-ana.org/WebLink/1/doc/136548/Page1.aspx,Date created 5/25/2023 10:45:06 AM,Date modified 5/25/2023 11:35:21 AM
2023-025 - Classification and Compensation Plan Document,https://publicdocs.santa-ana.org/WebLink/1/doc/136722/Page1.aspx,Date created 6/13/2023 8:05:06 AM,Date modified 10/10/2023 8:56:26 AM
2023-026 - Approving the City's Statement of Investment Policy Document,https://publicdocs.santa-ana.org/WebLink/1/doc/136723/Page1.aspx,Date created 6/13/2023 8:06:41 AM,Date modified 10/10/2023 8:55:51 AM
2023-027 - Designation of Applicant's Agent Resolution Non-State Agencies Document,https://publicdocs.santa-ana.org/WebLink/1/doc/136724/Page1.aspx,Date created 6/13/2023 8:09:15 AM,Date modified 10/10/2023 8:55:43 AM
2023-028 - Support of the Nomination of the OC Water District President Cathy Green Document,https://publicdocs.santa-ana.org/WebLink/1/doc/136725/Page1.aspx,Date created 6/13/2023 8:10:23 AM,Date modified 10/10/2023 8:55:36 AM
2023-029 - Support of the Iranian-American Community & Condemning the Violence Perpetrated by the Government of Iran Against its People Document,https://publicdocs.santa-ana.org/WebLink/1/doc/136726/Page1.aspx,Date created 6/13/2023 8:11:38 AM,Date modified 10/10/2023 8:55:29 AM
2023-030 - Classification and Compensation Plan Document,https://publicdocs.santa-ana.org/WebLink/1/doc/136727/Page1.aspx,Date created 6/13/2023 8:14:14 AM,Date modified 11/21/2023 3:56:55 PM
2023-031 - Establishing a Uniform Schedule of Misc. Fees for FY 23/24 Document,https://publicdocs.santa-ana.org/WebLink/1/doc/136728/Page1.aspx,Date created 6/13/2023 8:15:51 AM,Date modified 11/3/2023 9:23:00 AM
2023-032 - Classification and Compensation Plan Document,https://publicdocs.santa-ana.org/WebLink/1/doc/136983/Page1.aspx,Date created 6/28/2023 9:22:13 AM,Date modified 6/28/2023 9:22:43 AM
2023-033 - Establishing the Appropriation Limit for FY 23/24 Document,https://publicdocs.santa-ana.org/WebLink/1/doc/136982/Page1.aspx,Date created 6/28/2023 9:21:14 AM,Date modified 6/28/2023 9:21:43 AM
2023-034 - Projects to be Funded for FY 23/24 by SB 1: The Road Repair and Accountability Act of 2017 Document,https://publicdocs.santa-ana.org/WebLink/1/doc/136981/Page1.aspx,Date created 6/28/2023 9:20:20 AM,Date modified 6/28/2023 9:20:47 AM
"2023-035 - Status & Update of the Mobility Element, and Mitigation Fee Program for the Measure M (M2) Program Document",https://publicdocs.santa-ana.org/WebLink/1/doc/136980/Page1.aspx,Date created 6/28/2023 9:18:30 AM,Date modified 6/28/2023 9:19:55 AM
2023-036 - Status & Update of the Local Signal Synchronization Plan for the Measure M (M2) Program Document,https://publicdocs.santa-ana.org/WebLink/1/doc/136979/Page1.aspx,Date created 6/28/2023 9:14:55 AM,Date modified 6/28/2023 9:18:09 AM
2023-037 - Retention of Local Land Use Control Document,https://publicdocs.santa-ana.org/WebLink/1/doc/136978/Page1.aspx,Date created 6/28/2023 9:10:01 AM,Date modified 6/28/2023 9:13:02 AM
2023-038 - Retention of Local Land Use Control Document,https://publicdocs.santa-ana.org/WebLink/1/doc/136977/Page1.aspx,Date created 6/28/2023 9:06:52 AM,Date modified 6/28/2023 9:09:30 AM
2023-039 - Classification and Compensation Plan Document,https://publicdocs.santa-ana.org/WebLink/1/doc/137307/Page1.aspx,Date created 7/26/2023 5:18:27 PM,Date modified 7/27/2023 8:06:49 AM
2023-040 - Intention to Vacate a Portion of a Public Right-of-Way Easement adjacent to 2383 North Flower Street Document,https://publicdocs.santa-ana.org/WebLink/1/doc/137305/Page1.aspx,Date created 7/26/2023 5:17:33 PM,Date modified 7/26/2023 5:18:04 PM
2023-041 - Approving the Application for the Land and Water Conservation Fund for the New Park at 10th and Flower Street Project Document,https://publicdocs.santa-ana.org/WebLink/1/doc/137301/Page1.aspx,Date created 7/26/2023 5:16:41 PM,Date modified 7/26/2023 5:17:09 PM
2023-042 - Approving the Submittal of a Grant Application to the State of CA Recreational Trails Program for Pacific Electric (Maple Street) Bike Trail Improvements Document,https://publicdocs.santa-ana.org/WebLink/1/doc/137299/Page1.aspx,Date created 7/26/2023 5:15:51 PM,Date modified 7/26/2023 5:16:17 PM
2023-043 - Approving the Application for Grant Funds from the Habitat Conservation Fund Program for Santiago Park Trail and Habitat Restoration Document,https://publicdocs.santa-ana.org/WebLink/1/doc/137310/Page1.aspx,Date created 7/26/2023 5:21:53 PM,Date modified 7/26/2023 5:22:25 PM
2023-044 - Approving a Police Officer Hiring Bonus Program for Police Officer Applicants Document,https://publicdocs.santa-ana.org/WebLink/1/doc/137295/Page1.aspx,Date created 7/26/2023 5:14:22 PM,Date modified 7/26/2023 5:15:02 PM
2023-045 - Authorizing Investment of Monies in the CA Class Prime Fund Document,https://publicdocs.santa-ana.org/WebLink/1/doc/137294/Page1.aspx,Date created 7/26/2023 5:13:23 PM,Date modified 7/26/2023 5:13:52 PM
2023-046 - Denying Conditional Use Permit No. 2023-09 at Mariscos Hector Sport Grill located at 1208 East McFadden Avenue Document,https://publicdocs.santa-ana.org/WebLink/1/doc/137308/Page1.aspx,Date created 7/26/2023 5:19:50 PM,Date modified 7/26/2023 5:20:23 PM
"2023-047 - Amending Council Rules and Procedures to Change the Time of Regular Meetings, Update Rules of Procedure, Clarify Decorum Regulations, and Address Teleconferencing Document",https://publicdocs.santa-ana.org/WebLink/1/doc/137516/Page1.aspx,Date created 8/9/2023 5:09:19 PM,Date modified 8/9/2023 5:10:24 PM
2023-048 - Confirming the Cost of Securing and/or Demolitions of Various Structure Delcared to be Public Nuisances and recorded with the OC Recorder's Office Document,https://publicdocs.santa-ana.org/WebLink/1/doc/137309/Page1.aspx,Date created 7/26/2023 5:20:52 PM,Date modified 7/26/2023 5:21:20 PM
"2023-049 - Amending Resolutions 2011-024 and 2016-053 and Appointing the Executive Director of the Finance and Management Services Agency as the Plan Administrator for the City's 457(B), 401(A) and 401(H) Plans Document",https://publicdocs.santa-ana.org/WebLink/1/doc/137520/Page1.aspx,Date created 8/9/2023 5:15:27 PM,Date modified 8/9/2023 5:15:52 PM
2023-050 - Automated License Plate Reader (ALPR) Policy for Conducting Parking Studies Document,https://publicdocs.santa-ana.org/WebLink/1/doc/137519/Page1.aspx,Date created 8/9/2023 5:14:07 PM,Date modified 8/9/2023 5:14:41 PM
2023-051 - Adopting Local CEQA Guidelines Document,https://publicdocs.santa-ana.org/WebLink/1/doc/137518/Page1.aspx,Date created 8/9/2023 5:11:53 PM,Date modified 8/9/2023 5:13:35 PM
2023-052- Authorizing the Agreement between Police Officer Gripentrog and the City Relating to the Purchase of K-9 and Accepting Donation Document,https://publicdocs.santa-ana.org/WebLink/1/doc/137517/Page1.aspx,Date created 8/9/2023 5:10:50 PM,Date modified 8/9/2023 5:11:33 PM
2023-053 - Salary Adjustment for the City Manager Document,https://publicdocs.santa-ana.org/WebLink/1/doc/138584/Page1.aspx,Date created 8/17/2023 4:09:29 PM,Date modified 10/10/2023 8:56:07 AM
2023-054 - Accepting the Certificates to Verification of Signature on Petition and Certifcate of Sufficiency for Petition to Recall Councilmember Jessie Lopez Document,https://publicdocs.santa-ana.org/WebLink/1/doc/138456/Page1.aspx,Date created 8/17/2023 9:57:04 AM,Date modified 8/17/2023 9:57:31 AM
"2023-055 - Calling and Giving Notice of the Holding of a Special Municipal Election to be held on November 14, 2023 Document",https://publicdocs.santa-ana.org/WebLink/1/doc/138453/Page1.aspx,Date created 8/17/2023 9:41:59 AM,Date modified 8/17/2023 9:57:36 AM
"2023-056 - Adopting a Regulation for an Officer Whose Recall is being Sought Pertaining to a Statement Submitted to the Voters at a Special Election on November 14, 2023 and Establishing a System  for Payment of the Cose of Inclusion of the Officer's Stat Document",https://publicdocs.santa-ana.org/WebLink/1/doc/138457/Page1.aspx,Date created 8/17/2023 10:27:22 AM,Date modified 8/17/2023 10:30:28 AM
2023-057 - Lowering the City's Drought Water Conservation Standard from a Water Shortage Level 2 to 0 Document,https://publicdocs.santa-ana.org/WebLink/1/doc/138454/Page1.aspx,Date created 8/17/2023 9:52:59 AM,Date modified 10/10/2023 8:55:57 AM
2023-058 - Affirming a Positive City Attorney Evaluation and Acknowledging a Retainer Increase Document,https://publicdocs.santa-ana.org/WebLink/1/doc/139041/Page1.aspx,Date created 8/31/2023 1:09:46 PM,Date modified 8/31/2023 1:10:14 PM
2023-059 - Supporting AB 1306 (The HOME Act) Document,https://publicdocs.santa-ana.org/WebLink/1/doc/139040/Page1.aspx,Date created 8/31/2023 1:08:31 PM,Date modified 8/31/2023 1:09:17 PM
2023-060 - Authorizing the Planning Division to Initiate the Preparation and Draft of Findings in Support of Overruling the OC Airport Land Use Commission's Determintation Document,https://publicdocs.santa-ana.org/WebLink/1/doc/139039/Page1.aspx,Date created 8/31/2023 1:07:19 PM,Date modified 8/31/2023 1:07:59 PM
2023-061 - One-year Extension of Site Plan Review No. 2020-04 for the Central Pointe Mixed-Use Development to be located at 1801 East 4th Street Document,https://publicdocs.santa-ana.org/WebLink/1/doc/139277/Page1.aspx,Date created 9/27/2023 2:42:50 PM,Date modified 9/27/2023 2:43:33 PM
2023-062 - Authorizing the Application to State Water Resource Control Board for Financial Assistance for the Wells 27 and 28 PFAS Treatment System Project Document,https://publicdocs.santa-ana.org/WebLink/1/doc/139279/Page1.aspx,Date created 9/27/2023 2:45:55 PM,Date modified 9/27/2023 2:46:21 PM
2023-063 - Considering Wells 27 & 28 PFAS Treatment Sytem Project Exempt Document,https://publicdocs.santa-ana.org/WebLink/1/doc/139280/Page1.aspx,Date created 9/27/2023 2:46:52 PM,Date modified 9/27/2023 2:47:26 PM
2023-064 - Councilmember-Requested Items Policy Document,https://publicdocs.santa-ana.org/WebLink/1/doc/139281/Page1.aspx,Date created 9/27/2023 2:47:57 PM,Date modified 11/13/2023 11:12:22 AM
2023-065 - Declaring Various Properties as Surplus Land & Exempt Surplus Land Document,https://publicdocs.santa-ana.org/WebLink/1/doc/139553/Page1.aspx,Date created 10/10/2023 8:58:08 AM,Date modified 10/10/2023 9:03:22 AM
2023-066 - Denying Appeal No. 2023-06 & Upholding the Determiniation of the Planning Commission to Deny a Modification - 2230 N. Tustin Ave. Document,https://publicdocs.santa-ana.org/WebLink/1/doc/139554/Page1.aspx,Date created 10/10/2023 8:59:51 AM,Date modified 10/10/2023 9:03:20 AM
2023-067 - Amend the Current FY23/24 Annual Budget Document,https://publicdocs.santa-ana.org/WebLink/1/doc/139878/Page1.aspx,Date created 10/26/2023 3:25:56 PM,Date modified 10/26/2023 3:26:22 PM
2023-068 - Approving Density Bonus Agreement No. 2023-01 Document,https://publicdocs.santa-ana.org/WebLink/1/doc/139877/Page1.aspx,Date created 10/26/2023 3:25:04 PM,Date modified 10/26/2023 3:25:31 PM
2023-069 - Authorizing Agreement with City of Anaheim for FY2022 Urban Area Security Initiative Funding Program Document,https://publicdocs.santa-ana.org/WebLink/1/doc/139876/Page1.aspx,Date created 10/26/2023 3:24:19 PM,Date modified 10/26/2023 3:24:47 PM
"2023-070 - Call For General Municipal Election to be held on November 5, 2024 Document",https://publicdocs.santa-ana.org/WebLink/1/doc/140091/Page1.aspx,Date created 11/8/2023 4:22:15 PM,Date modified 11/8/2023 4:23:27 PM
2023-071 - Redicong the fee for Accessory Dwellign Uite Application Review Document,https://publicdocs.santa-ana.org/WebLink/1/doc/139875/Page1.aspx,Date created 10/26/2023 3:23:21 PM,Date modified 10/26/2023 3:23:55 PM
2023-072 - Obtain 2022 Emergency Management Performance Grant Funds through the County of Orange Document,https://publicdocs.santa-ana.org/WebLink/1/doc/140158/Page1.aspx,Date created 11/15/2023 9:24:44 AM,Date modified 11/15/2023 9:28:25 AM
2023-073 - Accepting the Donation of Gym Equipment from the Santa Ana Police Officer Association Document,https://publicdocs.santa-ana.org/WebLink/1/doc/140159/Page1.aspx,Date created 11/15/2023 9:26:17 AM,Date modified 11/15/2023 9:28:14 AM
"2023-074 - Grant Application, Acceptance, and Execution of the Grant Funds from the State of CA Budget Act of 2022 or 2023 Document",https://publicdocs.santa-ana.org/WebLink/1/doc/140160/Page1.aspx,Date created 11/15/2023 9:27:11 AM,Date modified 11/15/2023 9:27:43 AM
"2023-075 - NonCitizen Voting Ballot Measure November 5 ,2024 Document",https://publicdocs.santa-ana.org/WebLink/1/doc/140225/Page1.aspx,Date created 11/21/2023 7:29:28 AM,Date modified 11/21/2023 7:30:16 AM
2023-076 - Accepting Additional FY22 Urban Area Security Initiative Sub-Recipient Funding and Appropriation Adjustment Document,https://publicdocs.santa-ana.org/WebLink/1/doc/140580/Page1.aspx,Date created 12/4/2023 9:59:22 AM,Date modified 12/4/2023 9:59:27 AM
2023-077 - Improvement Projects to the OCTA for Funding Under the Comprehensive Transportation Program Document,https://publicdocs.santa-ana.org/WebLink/1/doc/140581/Page1.aspx,Date created 12/4/2023 10:01:46 AM,Date modified 12/4/2023 10:02:00 AM
2023-078 - Improvement Projects to the OCTA for Funding Under the Regional Traffic Signal Synchronization Program Document,https://publicdocs.santa-ana.org/WebLink/1/doc/140583/Page1.aspx,Date created 12/4/2023 10:12:12 AM,Date modified 12/4/2023 10:12:16 AM
2023-079 - Certifying that the City has the Resources to Fund the Projects in 23/24 -29/30 Transporation Improvement Program Document,https://publicdocs.santa-ana.org/WebLink/1/doc/140584/Page1.aspx,Date created 12/4/2023 10:12:47 AM,Date modified 12/4/2023 10:18:46 AM
2023-080 - Approving Density Bonus Agreement No. 2023-02 Document,https://publicdocs.santa-ana.org/WebLink/1/doc/140585/Page1.aspx,Date created 12/4/2023 10:13:30 AM,Date modified 12/4/2023 10:19:10 AM
2023-081 - Approving Appeal Applicatiion for Mixed-Use Cabrillo Town Center Document,https://publicdocs.santa-ana.org/WebLink/1/doc/142484/Page1.aspx,Date created 2/27/2024 8:32:28 AM,Date modified 2/27/2024 9:01:42 AM
"2023-082 - Approving a One-year Extension of SIte Plan Review No. 2016-03, Variance No. 2017-05, and Variance No. 20174-06 for the Madison Mixed-Use Development Document",https://publicdocs.santa-ana.org/WebLink/1/doc/140586/Page1.aspx,Date created 12/4/2023 10:14:12 AM,Date modified 2/20/2024 12:55:53 PM
2023-083 - Appointing Thomas R. Hatch as City Manager on a Interim Basis & Employment Agreement Document,https://publicdocs.santa-ana.org/WebLink/1/doc/140587/Page1.aspx,Date created 12/4/2023 10:14:43 AM,Date modified 12/4/2023 10:20:13 AM
2023-084 - Denying Appeal No. 2023-07 & Upholding Planning Commission Determination for 2938 South Daimler Street Document,https://publicdocs.santa-ana.org/WebLink/1/doc/140588/Page1.aspx,Date created 12/4/2023 10:15:42 AM,Date modified 12/4/2023 10:20:40 AM
2023-085 - Summarily Vacating a Portion of a Public Right-of-Way Easement Adjacent to 1117 South Standard Ave. Document,https://publicdocs.santa-ana.org/WebLink/1/doc/140590/Page1.aspx,Date created 12/4/2023 10:17:41 AM,Date modified 12/4/2023 10:21:44 AM
2023-086 - Approving General Plan Amendment No. 2023-01 to Change General Plan Land Use Designations Document,https://publicdocs.santa-ana.org/WebLink/1/doc/140589/Page1.aspx,Date created 12/4/2023 10:17:04 AM,Date modified 12/4/2023 10:21:59 AM
2023-087 - Authorizing Application to & Participation in the ProHousing Designation Program Document,https://publicdocs.santa-ana.org/WebLink/1/doc/141169/Page1.aspx,Date created 12/18/2023 4:04:36 PM,Date modified 12/18/2023 4:05:20 PM
2023-088 - Approving a Second One-Year Extension of Site Plan Review 202-03 & Variance No. 202-06 at 409 & 509 E. 4th Street Document,https://publicdocs.santa-ana.org/WebLink/1/doc/141171/Page1.aspx,Date created 12/18/2023 4:05:48 PM,Date modified 12/18/2023 4:06:22 PM
2023-089 - Authorizing the Application for Grant Funding by the Bureau of Reclamation's Water Smart Drought Response Prgram Document,https://publicdocs.santa-ana.org/WebLink/1/doc/141172/Page1.aspx,Date created 12/18/2023 4:06:40 PM,Date modified 12/18/2023 4:09:07 PM
2023-090 - Authorizing CA Department of Transporation for the Santa Ana Regional Transportation Center Painting and Wrought Iron Fencing Project Document,https://publicdocs.santa-ana.org/WebLink/1/doc/141173/Page1.aspx,Date created 12/18/2023 4:09:33 PM,Date modified 12/18/2023 4:10:04 PM
2023-091 - Authorizing CA Deptartment of Transportation for the Santa Ana Regional Transportation Center Outdoor Water Fountain Renovation Project Document,https://publicdocs.santa-ana.org/WebLink/1/doc/141174/Page1.aspx,Date created 12/18/2023 4:10:27 PM,Date modified 12/18/2023 4:11:08 PM
"2023-092 - Reciting the Fact of Special Municipal Recall Election held on Tuesday, November 14, 2023 Document",https://publicdocs.santa-ana.org/WebLink/1/doc/141175/Page1.aspx,Date created 12/18/2023 4:12:13 PM,Date modified 12/18/2023 4:13:05 PM
2023-093 - Amending Resolution No. 2019-034 and Setting Compensation for All City Boards & Commissions Document,https://publicdocs.santa-ana.org/WebLink/1/doc/141176/Page1.aspx,Date created 12/18/2023 4:13:43 PM,Date modified 12/18/2023 4:14:13 PM
2023-094 - Authorizing the Reimbursement of Funding for the WEll 32 Nitrate Treatment & Rehabilitation Project Document,https://publicdocs.santa-ana.org/WebLink/1/doc/141344/Page1.aspx,Date created 12/21/2023 2:11:15 PM,Date modified 12/21/2023 2:15:40 PM
2023-095 - Concerning the Measure M2 Expenditure Report Document,https://publicdocs.santa-ana.org/WebLink/1/doc/141345/Page1.aspx,Date created 12/21/2023 2:16:10 PM,Date modified 12/21/2023 2:16:44 PM
2023-096 - Authorizing Agreement with the CA Department of Transportation Document,https://publicdocs.santa-ana.org/WebLink/1/doc/141346/Page1.aspx,Date created 12/21/2023 2:17:05 PM,Date modified 12/21/2023 2:17:25 PM
2023-097 - Authorzing Agreements with the CA Department of Transportation Document,https://publicdocs.santa-ana.org/WebLink/1/doc/141347/Page1.aspx,Date created 12/21/2023 2:17:49 PM,Date modified 12/21/2023 2:18:20 PM
2023-098 - Ceremonial Street Name of Lydia Romero-Cruz Way Document,https://publicdocs.santa-ana.org/WebLink/1/doc/141348/Page1.aspx,Date created 12/21/2023 2:18:36 PM,Date modified 12/21/2023 2:19:05 PM
"2023-099 - Ceremonial Street Name of Josephine ""Chepa"" Andrade Way Document",https://publicdocs.santa-ana.org/WebLink/1/doc/141349/Page1.aspx,Date created 12/21/2023 2:19:29 PM,Date modified 12/21/2023 2:20:02 PM
2024-001 - Changes to the City's Classification and Compensation Plan (EM) Document,https://publicdocs.santa-ana.org/WebLink/1/doc/142480/Page1.aspx,Date created 2/26/2024 4:37:10 PM,Date modified 7/2/2024 10:42:01 AM
2024-002 - Changes to the City's Classification and Compensation Plan Document,https://publicdocs.santa-ana.org/WebLink/1/doc/142479/Page1.aspx,Date created 2/26/2024 4:34:44 PM,Date modified 7/2/2024 10:43:14 AM
2024-003 - Adjustment to FY23-24 Annual Budget Full Time Positions Document,https://publicdocs.santa-ana.org/WebLink/1/doc/142478/Page1.aspx,Date created 2/26/2024 4:33:21 PM,Date modified 7/2/2024 10:43:17 AM
2024-004 - ICRMA Board Apointment Document,https://publicdocs.santa-ana.org/WebLink/1/doc/142813/Page1.aspx,Date created 3/11/2024 2:30:01 PM,Date modified 7/2/2024 10:43:20 AM
2024-005 - Ceasefire Resolution Document,https://publicdocs.santa-ana.org/WebLink/1/doc/142837/Page1.aspx,Date created 3/13/2024 3:03:20 PM,Date modified 7/2/2024 10:43:23 AM
2024-006 - Amend FY23-24 FY Budget CMO & SAPD Positions Document,https://publicdocs.santa-ana.org/WebLink/1/doc/143101/Page1.aspx,Date created 3/26/2024 3:13:27 PM,Date modified 7/2/2024 10:43:26 AM
2024-007 - Changes to the City's Classification and Compensation Plan Document,https://publicdocs.santa-ana.org/WebLink/1/doc/143300/Page1.aspx,Date created 4/4/2024 10:41:21 AM,Date modified 7/2/2024 10:43:32 AM
2024-008 -  Salary Schedule CalPERS Compliance Document,https://publicdocs.santa-ana.org/WebLink/1/doc/143073/Page1.aspx,Date created 3/22/2024 9:41:46 AM,Date modified 7/2/2024 10:43:35 AM
2024-009 - Grant Santiago Park Main Street Construction Document,https://publicdocs.santa-ana.org/WebLink/1/doc/143305/Page1.aspx,Date created 4/4/2024 12:50:17 PM,Date modified 7/2/2024 10:43:38 AM
2024-010 - Opposition Needle Exchange Program Document,https://publicdocs.santa-ana.org/WebLink/1/doc/144589/Page1.aspx,Date created 4/25/2024 10:03:47 AM,Date modified 7/2/2024 10:43:39 AM
2024-011 - Salary Adjustment for City Clerk Document,https://publicdocs.santa-ana.org/WebLink/1/doc/144927/Page1.aspx,Date created 5/17/2024 11:49:17 AM,Date modified 7/2/2024 10:43:40 AM
2024-012 - Changes to the City's Classification and Compensation Plan Document,https://publicdocs.santa-ana.org/WebLink/1/doc/144928/Page1.aspx,Date created 5/17/2024 11:51:41 AM,Date modified 7/2/2024 10:43:41 AM
2024-013 - Exercise Authority of Appointed Officials Document,https://publicdocs.santa-ana.org/WebLink/1/doc/144929/Page1.aspx,Date created 5/17/2024 11:52:38 AM,Date modified 7/2/2024 10:43:42 AM
2024-014 - Create Public Financing Authority Document,https://publicdocs.santa-ana.org/WebLink/1/doc/144930/Page1.aspx,Date created 5/17/2024 11:53:15 AM,Date modified 7/2/2024 10:43:43 AM
2024-015 - Kaiser Permanente's Operation Splash Program Document,https://publicdocs.santa-ana.org/WebLink/1/doc/144931/Page1.aspx,Date created 5/17/2024 11:53:57 AM,Date modified 7/2/2024 10:43:44 AM
2024-016 - Grant Application 10th & Flower Stormwater Capture Project Document,https://publicdocs.santa-ana.org/WebLink/1/doc/146633/Page1.aspx,Date created 5/31/2024 11:54:42 AM,Date modified 7/2/2024 10:43:46 AM
2024-017 - Grant Application Zoo Stormwater Capture & Diversion Project Document,https://publicdocs.santa-ana.org/WebLink/1/doc/146634/Page1.aspx,Date created 5/31/2024 11:56:49 AM,Date modified 7/2/2024 10:43:47 AM
2024-018 - Emergency Operations Plan Document,https://publicdocs.santa-ana.org/WebLink/1/doc/146630/Page1.aspx,Date created 5/31/2024 11:35:08 AM,Date modified 8/6/2024 2:11:13 PM
2024-019 - Santa Ana Vision Zero Plan Document,https://publicdocs.santa-ana.org/WebLink/1/doc/146772/Page1.aspx,Date created 6/13/2024 8:35:08 AM,Date modified 8/13/2024 1:36:53 PM
2024-020 - Pavement Managment Plan for Measure M2 Program Document,https://publicdocs.santa-ana.org/WebLink/1/doc/146774/Page1.aspx,Date created 6/13/2024 11:42:09 AM,Date modified 8/13/2024 1:44:53 PM
2024-021 - FY2024-25 SB 1 Projects List Document,https://publicdocs.santa-ana.org/WebLink/1/doc/146775/Page1.aspx,Date created 6/13/2024 11:46:32 AM,Date modified 8/13/2024 1:45:02 PM
"2024-022 - Call General Municipal Election on November 5, 2024 Document",https://publicdocs.santa-ana.org/WebLink/1/doc/146776/Page1.aspx,Date created 6/13/2024 11:46:51 AM,Date modified 8/13/2024 1:45:07 PM
"2024-023 - Consolidate General Municipal Election on November 5, 2024 Document",https://publicdocs.santa-ana.org/WebLink/1/doc/146777/Page1.aspx,Date created 6/13/2024 11:46:59 AM,Date modified 8/13/2024 1:45:14 PM
"2024-024 - Candidate Statement Regulations for Election on November 5, 2024 Document",https://publicdocs.santa-ana.org/WebLink/1/doc/146778/Page1.aspx,Date created 6/13/2024 11:47:07 AM,Date modified 8/13/2024 1:45:21 PM
2024-025 - Water Revenue Bonds Document,https://publicdocs.santa-ana.org/WebLink/1/doc/146779/Page1.aspx,Date created 6/13/2024 11:47:18 AM,Date modified 8/13/2024 1:45:37 PM
2024-026 - Miscellaneous Fees for Fiscal Year 2024-2025 Document,https://publicdocs.santa-ana.org/WebLink/1/doc/146773/Page1.aspx,Date created 6/13/2024 8:39:21 AM,Date modified 8/13/2024 1:51:08 PM
2024-027 - Accept Grant Youth Employment Project Document,https://publicdocs.santa-ana.org/WebLink/1/doc/147336/Page1.aspx,Date created 6/28/2024 2:14:41 PM,Date modified 8/13/2024 1:52:00 PM
2024-028 - Statement of Investment Policy Document,https://publicdocs.santa-ana.org/WebLink/1/doc/147337/Page1.aspx,Date created 6/28/2024 2:15:51 PM,Date modified 8/13/2024 1:53:25 PM
2024-029 - FY2024-2025 Appropriation Limit Document,https://publicdocs.santa-ana.org/WebLink/1/doc/219213/Page1.aspx,Date created 7/10/2024 12:41:50 PM,Date modified 8/13/2024 1:53:28 PM
2024-030 - Changes to the City's Classification and Compensation Plan Document,https://publicdocs.santa-ana.org/WebLink/1/doc/147342/Page1.aspx,Date created 6/28/2024 2:32:22 PM,Date modified 8/13/2024 1:53:37 PM
2024-031 - Ceremonial Street Name of Virginia & William Guzman Way Document,https://publicdocs.santa-ana.org/WebLink/1/doc/147341/Page1.aspx,Date created 6/28/2024 2:31:28 PM,Date modified 8/13/2024 1:53:43 PM
2024-032 - Ceremonial Street Name of Warren Bussey Square Document,https://publicdocs.santa-ana.org/WebLink/1/doc/147340/Page1.aspx,Date created 6/28/2024 2:31:16 PM,Date modified 8/13/2024 1:53:49 PM
"2024-033 - Measures Charter Amendments Election November 5, 2024 Document",https://publicdocs.santa-ana.org/WebLink/1/doc/219214/Page1.aspx,Date created 7/10/2024 12:44:58 PM,Date modified 8/13/2024 3:54:58 PM
"2024-034 - Ballot Titles Measures Charter Amendments Election November 5, 2024 Document",https://publicdocs.santa-ana.org/WebLink/1/doc/219216/Page1.aspx,Date created 7/10/2024 1:00:32 PM,Date modified 8/13/2024 1:11:12 PM
"2024-035 - Measure Rent Stabilization & Just Cause Eviction Election November 5, 2024 Document",https://publicdocs.santa-ana.org/WebLink/1/doc/219260/Page1.aspx,Date created 7/12/2024 11:07:14 AM,Date modified 8/13/2024 1:16:09 PM
2024-036 - Residential Development for 1921 W. Washington Avenue Document,https://publicdocs.santa-ana.org/WebLink/1/doc/220341/Page1.aspx,Date created 7/25/2024 1:16:39 PM,Date modified 8/13/2024 1:16:28 PM
2024-037 - Examination of Sales & Use Tax Records and Transactions Document,https://publicdocs.santa-ana.org/WebLink/1/doc/220342/Page1.aspx,Date created 7/25/2024 1:20:19 PM,Date modified 8/13/2024 1:16:32 PM
2024-038 - Changes to the City's Classification and Compensation Plan Document,https://publicdocs.santa-ana.org/WebLink/1/doc/220559/Page1.aspx,Date created 7/30/2024 3:15:08 PM,Date modified 8/13/2024 1:16:54 PM
2024-039 - Public Right-Of-Way Adjacent to 1601 and 1607 North Bristol Street Document,https://publicdocs.santa-ana.org/WebLink/1/doc/220348/Page1.aspx,Date created 7/25/2024 1:43:24 PM,Date modified 3/6/2025 11:59:36 AM
2024-040 - 1601 and 1607 North Bristol as Exempt Surplus Land Document,https://publicdocs.santa-ana.org/WebLink/1/doc/220343/Page1.aspx,Date created 7/25/2024 1:23:05 PM,Date modified 8/13/2024 1:17:08 PM
2024-041 - Delete References to Obsolete Job Titles and Obsolete Bonding Requirements Document,https://publicdocs.santa-ana.org/WebLink/1/doc/220344/Page1.aspx,Date created 7/25/2024 1:26:21 PM,Date modified 8/13/2024 1:17:11 PM
2024-042 - Index Council Compensation at a Salary of Thirty-Three Percent Document,https://publicdocs.santa-ana.org/WebLink/1/doc/220345/Page1.aspx,Date created 7/25/2024 1:28:35 PM,Date modified 8/13/2024 1:17:14 PM
2024-043 - Permit Noncitizen Voting in All City Municipal Elections Document,https://publicdocs.santa-ana.org/WebLink/1/doc/220347/Page1.aspx,Date created 7/25/2024 1:40:02 PM,Date modified 8/13/2024 1:17:17 PM
2024-044 - Rent Stabilization & Just Cause Eviction Ordinance Document,https://publicdocs.santa-ana.org/WebLink/1/doc/220346/Page1.aspx,Date created 7/25/2024 1:32:15 PM,Date modified 8/13/2024 1:17:20 PM
2024-045 - Facility Bonds for the Garden Court Apartments Document,https://publicdocs.santa-ana.org/WebLink/1/doc/220441/Page1.aspx,Date created 7/29/2024 3:34:24 PM,Date modified 8/13/2024 1:17:24 PM
2024-046 - The Workforce Innovation and Opportunity Act Document,https://publicdocs.santa-ana.org/WebLink/1/doc/220851/Page1.aspx,Date created 8/8/2024 1:20:16 PM,Date modified 8/13/2024 1:17:26 PM
2024-047 - Ordering Costs of Securing Public Nuisances to be Recorded with the Orange County Recorder's Office Document,https://publicdocs.santa-ana.org/WebLink/1/doc/220852/Page1.aspx,Date created 8/8/2024 1:22:29 PM,Date modified 8/13/2024 1:17:30 PM
2024-048 - Changes to the City's Classification and Compensation Plan Document,https://publicdocs.santa-ana.org/WebLink/1/doc/221342/Page1.aspx,Date created 8/29/2024 3:29:56 PM,Date modified 8/29/2024 3:30:24 PM
2024-049 - Obtain 2023 Emergency Management Performance Funds Document,https://publicdocs.santa-ana.org/WebLink/1/doc/221343/Page1.aspx,Date created 8/29/2024 3:31:38 PM,Date modified 8/29/2024 3:31:40 PM
2024-050 - Resolution in Support of Proposition 36 Document,https://publicdocs.santa-ana.org/WebLink/1/doc/222593/Page1.aspx,Date created 9/23/2024 3:34:27 PM,Date modified 9/23/2024 3:36:46 PM
2024-051 - Declaring Various Properties as Exempt Surplus Land Document,https://publicdocs.santa-ana.org/WebLink/1/doc/222718/Page1.aspx,Date created 9/30/2024 11:31:48 AM,Date modified 9/30/2024 11:32:07 AM
2024-052 - Purchase and Sale Agreement for the Acquisition of Property Document,https://publicdocs.santa-ana.org/WebLink/1/doc/222865/Page1.aspx,Date created 10/3/2024 7:47:09 AM,Date modified 10/9/2024 10:24:55 AM
2024-053 - Final Supplemental for The Related Bristol Specific Plan Project Document,https://publicdocs.santa-ana.org/WebLink/1/doc/223012/Page1.aspx,Date created 10/9/2024 10:31:30 AM,Date modified 10/9/2024 10:41:47 AM
2024-054 - Overruling The Orange County Airport Land Use Commission’s Determination Document,https://publicdocs.santa-ana.org/WebLink/1/doc/223013/Page1.aspx,Date created 10/9/2024 10:35:42 AM,Date modified 10/9/2024 10:43:09 AM
2024-055 - Approving Vesting Tentative Tract Map No. 2023-01 Document,https://publicdocs.santa-ana.org/WebLink/1/doc/223014/Page1.aspx,Date created 10/9/2024 10:41:46 AM,Date modified 1/14/2025 12:00:43 PM
"2024-056 - Amending Resolution No. 91-088, Resolution No. 93-076 And Resolution No. 2000-062 Document",https://publicdocs.santa-ana.org/WebLink/1/doc/223015/Page1.aspx,Date created 10/9/2024 10:44:16 AM,Date modified 10/9/2024 10:51:57 AM
2024-057 - Approving A One-Year Extension of Site Plan Review No. 2020-04 Document,https://publicdocs.santa-ana.org/WebLink/1/doc/223016/Page1.aspx,Date created 10/9/2024 10:46:47 AM,Date modified 10/9/2024 10:52:04 AM
2024-058 - Approving Revised Bylaws for The Youth Commission Document,https://publicdocs.santa-ana.org/WebLink/1/doc/223017/Page1.aspx,Date created 10/9/2024 10:48:22 AM,Date modified 10/9/2024 10:52:13 AM
2024-059 - Authorizing the Application to the ProHousing Designation Program Document,https://publicdocs.santa-ana.org/WebLink/1/doc/223798/Page1.aspx,Date created 10/23/2024 4:05:41 PM,Date modified 11/25/2024 12:40:51 PM
2024-060 - Effect Certain Changes to the City's Classification and Compensation Plan Document,https://publicdocs.santa-ana.org/WebLink/1/doc/224597/Page1.aspx,Date created 12/4/2024 3:47:51 PM,Date modified 12/4/2024 3:58:00 PM
2024-061 - Effect Certain Changes to the City's Classification and Compensation Plan Document,https://publicdocs.santa-ana.org/WebLink/1/doc/224598/Page1.aspx,Date created 12/4/2024 3:47:57 PM,Date modified 12/10/2024 2:21:23 PM
2024-062 - Conflict of Interest Code Document,https://publicdocs.santa-ana.org/WebLink/1/doc/224485/Page1.aspx,Date created 11/26/2024 5:27:10 PM,Date modified 11/26/2024 5:30:23 PM
2024-063 - Accepeting Grant Funds From the Irvine Foundation Document,https://publicdocs.santa-ana.org/WebLink/1/doc/224599/Page1.aspx,Date created 12/4/2024 3:48:03 PM,Date modified 12/4/2024 3:57:45 PM
2024-064 - Agreement with the Franchise Tax Board for the Exchange of Business Licesne Tax Data Document,https://publicdocs.santa-ana.org/WebLink/1/doc/224487/Page1.aspx,Date created 11/26/2024 5:35:33 PM,Date modified 11/26/2024 5:36:25 PM
2024-065 - Accepting Grant Funds from the California Department of Social Services Document,https://publicdocs.santa-ana.org/WebLink/1/doc/224488/Page1.aspx,Date created 11/26/2024 5:35:41 PM,Date modified 11/26/2024 5:38:46 PM
2024-066 - Amend the FY-2024-2025 Annual Bidget to Add PRCS Positions Document,https://publicdocs.santa-ana.org/WebLink/1/doc/224489/Page1.aspx,Date created 11/27/2024 10:11:00 AM,Date modified 11/27/2024 10:11:14 AM
"2024-067- Site Plan Review No. 2016, 03 Variance No. 2017-05 for 200 North Cabrillo Park Document",https://publicdocs.santa-ana.org/WebLink/1/doc/224490/Page1.aspx,Date created 11/27/2024 10:12:15 AM,Date modified 11/27/2024 10:13:42 AM
2024-068 - Extension of Site Plan Review 2020-03 and Variance No. 2020-06 Document,https://publicdocs.santa-ana.org/WebLink/1/doc/224491/Page1.aspx,Date created 11/27/2024 10:30:12 AM,Date modified 11/27/2024 10:47:32 AM
2024-069 - OCTA Funding for the Comprehensive Transportaion Program Document,https://publicdocs.santa-ana.org/WebLink/1/doc/224483/Page1.aspx,Date created 11/26/2024 5:14:26 PM,Date modified 11/26/2024 5:14:37 PM
2024-070 - OCTA Funding for the Regional Traffic Signal Synchronization Program Document,https://publicdocs.santa-ana.org/WebLink/1/doc/224484/Page1.aspx,Date created 11/26/2024 5:17:59 PM,Date modified 11/26/2024 5:18:13 PM
2024-071 Allow The Construction Of An Accessory Structure Exceeding Fifteen Feet In Height Within The Rear Yard Document,https://publicdocs.santa-ana.org/WebLink/1/doc/545883/Page1.aspx,Date created 7/23/2025 3:27:19 PM,Date modified 7/23/2025 3:27:35 PM
2024-072 - Setting Adminstrative Fines for Violation the Municipal Code Document,https://publicdocs.santa-ana.org/WebLink/1/doc/224600/Page1.aspx,Date created 12/4/2024 3:48:15 PM,Date modified 12/4/2024 3:57:19 PM
2024-073 - Approving Revisions to the Municipal Securities Document,https://publicdocs.santa-ana.org/WebLink/1/doc/224710/Page1.aspx,Date created 12/11/2024 12:03:04 PM,Date modified 12/11/2024 12:03:11 PM
"2024-074 - Declaring the Results of The General Municipal Election Held on Tuesday, November 5, 2024 Document",https://publicdocs.santa-ana.org/WebLink/1/doc/224726/Page1.aspx,Date created 12/12/2024 2:47:50 PM,Date modified 12/12/2024 2:54:33 PM
2024-075 - Prohousing Incentive Program Funds Document,https://publicdocs.santa-ana.org/WebLink/1/doc/224884/Page1.aspx,Date created 12/19/2024 2:59:28 PM,Date modified 12/19/2024 2:59:28 PM
2024-076 - Security Initiative Sub-Recipient Funding and Appropriation Adjustment Document,https://publicdocs.santa-ana.org/WebLink/1/doc/224883/Page1.aspx,Date created 12/19/2024 2:59:02 PM,Date modified 12/19/2024 2:59:02 PM
2024-077 - Measure M2 Expenditue Report Document,https://publicdocs.santa-ana.org/WebLink/1/doc/224882/Page1.aspx,Date created 12/19/2024 2:58:41 PM,Date modified 12/19/2024 2:58:41 PM
2024-078 - Tircp-Funded Projects Document,https://publicdocs.santa-ana.org/WebLink/1/doc/224881/Page1.aspx,Date created 12/19/2024 2:58:11 PM,Date modified 12/19/2024 2:58:11 PM
2024-079 - Edgar Vargas Arzate Document,https://publicdocs.santa-ana.org/WebLink/1/doc/224880/Page1.aspx,Date created 12/19/2024 2:56:32 PM,Date modified 12/19/2024 2:59:53 PM
2025-001 - Rescinding Resolution No. 94-031 & Vacating Portions of Public Street & Alley Document,https://publicdocs.santa-ana.org/WebLink/1/doc/225368/Page1.aspx,Date created 1/27/2025 3:31:03 PM,Date modified 8/21/2025 4:45:37 PM
2025-002 - Identifying Stakeholders in the Preservation of the Japanese Tea House & Garden Document,https://publicdocs.santa-ana.org/WebLink/1/doc/226419/Page1.aspx,Date created 2/12/2025 4:34:14 PM,Date modified 2/12/2025 4:34:31 PM
2025-003 - Conflict-of-Interest Policy Covering Design-Build & Construction Manager at Risk Project Document,https://publicdocs.santa-ana.org/WebLink/1/doc/225369/Page1.aspx,Date created 1/27/2025 3:36:37 PM,Date modified 1/27/2025 3:37:05 PM
2025-004 - Amending the Council Rules & Procedures Document,https://publicdocs.santa-ana.org/WebLink/1/doc/225444/Page1.aspx,Date created 1/30/2025 9:08:15 AM,Date modified 6/13/2025 1:55:43 PM
2025-005 - Disband Subcommittees Document,https://publicdocs.santa-ana.org/WebLink/1/doc/226178/Page1.aspx,Date created 2/10/2025 2:42:10 PM,Date modified 2/12/2025 4:34:44 PM
2025-006 - Repealing Resolution No. 2019-107 regarding 2019 Environmental Approvals Document,https://publicdocs.santa-ana.org/WebLink/1/doc/226179/Page1.aspx,Date created 2/10/2025 3:35:56 PM,Date modified 2/12/2025 4:35:02 PM
2025-007 - Changes to the City's Classification & Compensation Plan Document,https://publicdocs.santa-ana.org/WebLink/1/doc/333297/Page1.aspx,Date created 3/13/2025 2:42:07 PM,Date modified 6/9/2025 10:49:03 AM
2025-008 - Amend the Current Fiscal Year 2024-25 Annual Budget Document,https://publicdocs.santa-ana.org/WebLink/1/doc/333298/Page1.aspx,Date created 3/13/2025 2:54:15 PM,Date modified 6/9/2025 10:48:41 AM
2025-009 - Changes to the City's Classification & Compensation Plan Document,https://publicdocs.santa-ana.org/WebLink/1/doc/466701/Page1.aspx,Date created 4/4/2025 12:32:53 PM,Date modified 4/4/2025 12:32:56 PM
2025-010 - Add Full-Time Public Works Positions Document,https://publicdocs.santa-ana.org/WebLink/1/doc/485694/Page1.aspx,Date created 4/14/2025 11:06:39 AM,Date modified 4/14/2025 11:06:44 AM
2025-011 - Renew the Santa Ana Tourism Marketing District Document,https://publicdocs.santa-ana.org/WebLink/1/doc/485821/Page1.aspx,Date created 4/23/2025 8:24:53 AM,Date modified 4/23/2025 8:24:59 AM
2025-012 - Density Bonus Agreement for Multi-Family Development Document,https://publicdocs.santa-ana.org/WebLink/1/doc/485843/Page1.aspx,Date created 4/24/2025 5:29:36 PM,Date modified 6/5/2025 4:28:11 PM
2025-013 - Density Bonus Agreement for Townhome Developent Document,https://publicdocs.santa-ana.org/WebLink/1/doc/502646/Page1.aspx,Date created 5/13/2025 11:55:25 AM,Date modified 5/13/2025 11:56:27 AM
2025-014 - Exempt Facility Bonds for Estrella Springs Document,https://publicdocs.santa-ana.org/WebLink/1/doc/502649/Page1.aspx,Date created 5/13/2025 12:10:50 PM,Date modified 5/13/2025 12:10:53 PM
2025-015 - Donation of Surplus Equipment to Sahuayo Document,https://publicdocs.santa-ana.org/WebLink/1/doc/544618/Page1.aspx,Date created 6/2/2025 1:55:20 PM,Date modified 6/2/2025 1:55:23 PM
2025-016 - Support of Senate Bill 28 & 38 Document,https://publicdocs.santa-ana.org/WebLink/1/doc/544619/Page1.aspx,Date created 6/2/2025 1:57:13 PM,Date modified 6/2/2025 1:57:14 PM
2025-017 - Support of Senate Bill 569 Document,https://publicdocs.santa-ana.org/WebLink/1/doc/544620/Page1.aspx,Date created 6/2/2025 1:59:34 PM,Date modified 6/10/2025 9:51:13 AM
2025-018 - Support of Senate Bill 757 Document,https://publicdocs.santa-ana.org/WebLink/1/doc/544621/Page1.aspx,Date created 6/2/2025 2:01:04 PM,Date modified 6/2/2025 2:01:06 PM
2025-019 - Statement of Investment Policy Document,https://publicdocs.santa-ana.org/WebLink/1/doc/544884/Page1.aspx,Date created 6/12/2025 3:52:15 PM,Date modified 6/12/2025 3:56:39 PM
2025-020 - Density Bonus Agreement No. 2025-02 for Townhome Developement Document,https://publicdocs.santa-ana.org/WebLink/1/doc/544888/Page1.aspx,Date created 6/12/2025 4:13:56 PM,Date modified 6/12/2025 4:14:58 PM
"2025-021 - Status & Update of the Mobility Element, & Mitigation Fee Program for Measure M (M2) Program Document",https://publicdocs.santa-ana.org/WebLink/1/doc/544889/Page1.aspx,Date created 6/12/2025 4:20:30 PM,Date modified 6/12/2025 4:20:32 PM
2025-022 - Fiscal Year 2025-26 Projects to be Funded by SB 1 Document,https://publicdocs.santa-ana.org/WebLink/1/doc/544890/Page1.aspx,Date created 6/12/2025 4:28:52 PM,Date modified 6/12/2025 4:28:55 PM
2025-023 - Addendum to Transit Zoning Code Environmental Impact Report Document,https://publicdocs.santa-ana.org/WebLink/1/doc/544891/Page1.aspx,Date created 6/12/2025 4:37:21 PM,Date modified 6/12/2025 4:38:11 PM
2025-024 - Changes to the City's Classification & Compensation Plan Document,https://publicdocs.santa-ana.org/WebLink/1/doc/544893/Page1.aspx,Date created 6/12/2025 4:43:32 PM,Date modified 6/12/2025 4:43:46 PM
2025-025 - Changes to the City's Classification & Compensation Plan (EM) Document,https://publicdocs.santa-ana.org/WebLink/1/doc/544896/Page1.aspx,Date created 6/12/2025 5:35:10 PM,Date modified 6/12/2025 5:35:14 PM
2025-026 - Misc. Fees for Fiscal Year 2025-26 Document,https://publicdocs.santa-ana.org/WebLink/1/doc/544895/Page1.aspx,Date created 6/12/2025 5:34:08 PM,Date modified 7/17/2025 2:42:40 PM
2025-027 - Obtain 2024 Emergency Management Performance Grant Funds Through the County of Orange Document,https://publicdocs.santa-ana.org/WebLink/1/doc/545161/Page1.aspx,Date created 6/26/2025 10:50:49 AM,Date modified 12/16/2025 10:02:39 AM
2025-028 - Appropriation Limit for Fiscal Year 2025-2026 Document,https://publicdocs.santa-ana.org/WebLink/1/doc/545162/Page1.aspx,Date created 6/26/2025 10:53:00 AM,Date modified 6/26/2025 10:53:02 AM
2025-029 - Appointing Police Oversight Director & Approving Professional Services Agreement with Oppenheimer Investigations Group LLP. Document,https://publicdocs.santa-ana.org/WebLink/1/doc/545585/Page1.aspx,Date created 7/7/2025 1:13:24 PM,Date modified 7/7/2025 1:13:37 PM
2025-030 - Supporting the Middle Eastern & North African Inculsion Act (AB 91) Document,https://publicdocs.santa-ana.org/WebLink/1/doc/545586/Page1.aspx,Date created 7/7/2025 1:15:48 PM,Date modified 7/7/2025 1:15:50 PM
"2025-031 - Advocate on Behalf of Immigrants, Remove Ice, Military & Other Federal Enforcement Personnel, & Call for Support to those Impacted by Raids Document",https://publicdocs.santa-ana.org/WebLink/1/doc/545588/Page1.aspx,Date created 7/7/2025 1:22:47 PM,Date modified 7/7/2025 1:22:52 PM
2025-032 - Declaring Results of Majority Protest Proceedings & Renewing the Santa Ana Tourism Marketing District Document,https://publicdocs.santa-ana.org/WebLink/1/doc/545587/Page1.aspx,Date created 7/7/2025 1:18:04 PM,Date modified 7/7/2025 1:18:12 PM
2025-033 - Support Of Overruling The Orange County Airport Land Use Commission’s Determination Of Inconsistency Document,https://publicdocs.santa-ana.org/WebLink/1/doc/545885/Page1.aspx,Date created 7/23/2025 4:43:26 PM,Date modified 12/16/2025 10:04:00 AM
"2025-034 - Allow A Fifteen-Unit Multi-Family Residential Development, Affordable To Very Low-Income Households Document",https://publicdocs.santa-ana.org/WebLink/1/doc/545886/Page1.aspx,Date created 7/23/2025 4:48:20 PM,Date modified 12/16/2025 10:04:09 AM
2025-035 - Supporting Assembly Bill 1303 - Lifeline Program: Customer Data Privacy Document,https://publicdocs.santa-ana.org/WebLink/1/doc/545986/Page1.aspx,Date created 8/4/2025 8:28:16 AM,Date modified 8/4/2025 8:33:13 AM
"2025-036 - Supporting SB627 (Wiener, Perez, Arreguín), 805 (Perez, Wiener) and H.R. 4176 (Correa) Document",https://publicdocs.santa-ana.org/WebLink/1/doc/545887/Page1.aspx,Date created 7/23/2025 4:52:33 PM,Date modified 12/16/2025 10:08:50 AM
2025-037 - Designating JP Morgan Chase Bank as the Depository Document,https://publicdocs.santa-ana.org/WebLink/1/doc/546177/Page1.aspx,Date created 8/18/2025 9:22:44 AM,Date modified 8/18/2025 9:22:46 AM
2025-038 - Authorizing Purchase of Retired K-9 Document,https://publicdocs.santa-ana.org/WebLink/1/doc/546327/Page1.aspx,Date created 8/27/2025 2:43:59 PM,Date modified 8/27/2025 2:45:59 PM
2025-039 - Establishing Group Home Special Use & Operator's Permit Document,https://publicdocs.santa-ana.org/WebLink/1/doc/546328/Page1.aspx,Date created 8/27/2025 2:45:39 PM,Date modified 8/27/2025 2:45:41 PM
2025-040 - Stormwater Reimbursement Funds to Construct the Santa Ana Zoo Stormwater Capture and Diverson Project Document,https://publicdocs.santa-ana.org/WebLink/1/doc/546865/Page1.aspx,Date created 9/25/2025 9:41:10 AM,Date modified 9/25/2025 9:41:14 AM
2025-041 - Certifing Final Supplemental Enviromental Impact for The Village Document,https://publicdocs.santa-ana.org/WebLink/1/doc/546866/Page1.aspx,Date created 9/25/2025 9:50:10 AM,Date modified 9/25/2025 9:52:20 AM
2025-042 - The Village Santa Ana Specifc Plan at Sunflower Avenue Document,https://publicdocs.santa-ana.org/WebLink/1/doc/546867/Page1.aspx,Date created 9/25/2025 10:34:23 AM,Date modified 9/25/2025 10:34:44 AM
2025-043 - Overruling the Orange County Airport Land Use Commission's Document,https://publicdocs.santa-ana.org/WebLink/1/doc/546868/Page1.aspx,Date created 9/25/2025 10:38:36 AM,Date modified 9/25/2025 10:38:51 AM
2025-044 - Changes to the City's Classification and Compensation Plan Document,https://publicdocs.santa-ana.org/WebLink/1/doc/547322/Page1.aspx,Date created 10/20/2025 9:19:18 AM,Date modified 10/20/2025 9:19:24 AM
2025-045 - Declaring Various Properties as Surplus Land & Exempt Surplus Land Document,https://publicdocs.santa-ana.org/WebLink/1/doc/547468/Page1.aspx,Date created 10/27/2025 10:51:10 AM,Date modified 10/27/2025 10:51:16 AM
2025-046 - Support for Proposition 50 Document,https://publicdocs.santa-ana.org/WebLink/1/doc/547493/Page1.aspx,Date created 10/28/2025 9:58:33 AM,Date modified 10/28/2025 9:58:35 AM
2025-047 - Fund Projects in 2026/27-2031/32 Transportation Improvement Program Document,https://publicdocs.santa-ana.org/WebLink/1/doc/547780/Page1.aspx,Date created 11/17/2025 3:13:08 PM,Date modified 11/17/2025 3:13:11 PM
2025-048 - Improvement Projects Under the Comprehensive Transportation Program Document,https://publicdocs.santa-ana.org/WebLink/1/doc/547781/Page1.aspx,Date created 11/17/2025 3:16:16 PM,Date modified 11/17/2025 3:16:19 PM
2025-049 - Improvement Projects Under the Regional Traffic Signal Synchronization Program Document,https://publicdocs.santa-ana.org/WebLink/1/doc/547782/Page1.aspx,Date created 11/17/2025 3:18:48 PM,Date modified 11/17/2025 3:18:50 PM
2025-050 - Enterprise Development Authority for 3130 South Fairview Street Document,https://publicdocs.santa-ana.org/WebLink/1/doc/547784/Page1.aspx,Date created 11/17/2025 3:26:28 PM,Date modified 11/17/2025 3:26:31 PM
2025-051 - Changes To The City's Classification And Compensation Plan Document,https://publicdocs.santa-ana.org/WebLink/1/doc/548309/Page1.aspx,Date created 12/10/2025 2:39:05 PM,Date modified 12/16/2025 10:04:40 AM
2025-052 -FY2024 Urban Area Security Initiative Funding Program Document,https://publicdocs.santa-ana.org/WebLink/1/doc/548310/Page1.aspx,Date created 12/10/2025 2:39:49 PM,Date modified 12/16/2025 10:08:33 AM
2025-053 - Receipt Grant Funds My First Home Document,https://publicdocs.santa-ana.org/WebLink/1/doc/548311/Page1.aspx,Date created 12/10/2025 2:41:20 PM,Date modified 12/16/2025 10:04:50 AM
2025-054 - Declaring Property Civic Center & Sycamore Exempt Surplus Land Document,https://publicdocs.santa-ana.org/WebLink/1/doc/548312/Page1.aspx,Date created 12/10/2025 2:41:57 PM,Date modified 12/16/2025 10:07:16 AM
2025-055 - Changes Classification & Compensation Plan Document,https://publicdocs.santa-ana.org/WebLink/1/doc/548322/Page1.aspx,Date created 12/10/2025 3:38:05 PM,Date modified 12/16/2025 10:02:26 AM
2025-056 - Measure M2 Expenditure Report Document,https://publicdocs.santa-ana.org/WebLink/1/doc/548313/Page1.aspx,Date created 12/10/2025 2:43:33 PM,Date modified 12/16/2025 10:06:21 AM
2025-057 - Vacating Street & Public Right-Of-Way Adjacent to 1030 E. Fourth Street Document,https://publicdocs.santa-ana.org/WebLink/1/doc/548314/Page1.aspx,Date created 12/10/2025 2:44:32 PM,Date modified 1/6/2026 4:27:20 PM
2025-058 - Required Modifications For Various California Codes Document,https://publicdocs.santa-ana.org/WebLink/1/doc/548321/Page1.aspx,Date created 12/10/2025 3:36:01 PM,Date modified 12/16/2025 10:05:26 AM
2025-059 - Ceremonial Street Name Felipa & Juan Sarinana Way Document,https://publicdocs.santa-ana.org/WebLink/1/doc/548320/Page1.aspx,Date created 12/10/2025 3:11:04 PM,Date modified 12/16/2025 10:04:59 AM
2026-001 - Police Oversight Commission Bylaws Document,https://publicdocs.santa-ana.org/WebLink/1/doc/549394/Page1.aspx,Date created 2/6/2026 10:02:57 AM,Date modified 2/6/2026 10:03:03 AM
2026-002 - Fiscal Year 2025-2026 Budget Document,https://publicdocs.santa-ana.org/WebLink/1/doc/549788/Page1.aspx,Date created 3/6/2026 4:08:04 PM,Date modified 3/6/2026 4:08:07 PM
2026-003 - Amendment to Current FY25-26 to Full-Time Positions Document,https://publicdocs.santa-ana.org/WebLink/1/doc/549789/Page1.aspx,Date created 3/6/2026 4:13:29 PM,Date modified 3/6/2026 4:13:32 PM
2026-004 - Amendment to General Plan Land for Property at 1801 E Chestnut Avenue Document,https://publicdocs.santa-ana.org/WebLink/1/doc/549790/Page1.aspx,Date created 3/6/2026 4:17:32 PM,Date modified 3/6/2026 4:17:53 PM
2026-005 - Changes to City's Classification and Comp Plan Document,https://publicdocs.santa-ana.org/WebLink/1/doc/550167/Page1.aspx,Date created 3/24/2026 11:37:16 AM,Date modified 3/24/2026 11:37:20 AM
2026-006 - Judgement in Case Challenging Rent Stablization & Just Cause Eviction Ordinance Document,https://publicdocs.santa-ana.org/WebLink/1/doc/550168/Page1.aspx,Date created 3/24/2026 11:56:05 AM,Date modified 3/24/2026 11:57:02 AM
2026-007 - Authorizing Application for Prohousing Incentive Program Funds Document,https://publicdocs.santa-ana.org/WebLink/1/doc/550169/Page1.aspx,Date created 3/24/2026 12:01:08 PM,Date modified 3/24/2026 12:01:10 PM
